class,x_m,y_m,z_m,stamp_sec
green,9.8099,20.5133,-4.2380,1787408067.945
green,9.8732,20.4293,-4.2380,1787408068.045
green,9.9672,20.3463,-4.2380,1787408068.145
green,10.0392,20.2750,-4.2380,1787408068.245
green,10.0559,20.2439,-4.2380,1787408068.345
green,9.9755,20.2977,-4.2380,1787408068.445
green,12.8931,20.5955,-4.2380,1787408068.645
green,12.8805,20.5827,-4.2380,1787408068.745
green,12.8690,20.5606,-4.2380,1787408068.845
green,12.8085,20.4484,-4.2380,1787408068.944
green,12.7379,20.3198,-4.2380,1787408069.046
green,12.6295,20.2771,-4.2380,1787408069.144
green,12.5254,20.2622,-4.2380,1787408069.245
green,12.4471,20.2238,-4.2380,1787408069.345
green,12.3736,20.2435,-4.2380,1787408069.446
green,12.3229,20.2492,-4.2380,1787408069.545
green,12.2767,20.2586,-4.2380,1787408069.645
green,12.2486,20.2121,-4.2380,1787408069.745
green,12.2343,20.1011,-4.2380,1787408069.846
green,12.1914,20.1545,-4.2380,1787408069.945
green,12.1485,20.2016,-4.2380,1787408070.045
green,12.1183,20.1996,-4.2380,1787408070.145
green,12.0766,20.2469,-4.2380,1787408070.246
green,12.0601,20.1907,-4.2380,1787408070.345
green,12.0253,20.2192,-4.2380,1787408070.445
green,11.9824,20.2913,-4.2380,1787408070.545
green,11.9470,20.3384,-4.2380,1787408070.645
green,11.9054,20.4120,-4.2380,1787408070.745
green,11.8900,20.3722,-4.2380,1787408070.845
green,11.8563,20.4171,-4.2380,1787408070.945
green,11.8623,20.2983,-4.2380,1787408071.045
green,11.8140,20.3984,-4.2380,1787408071.145
green,11.7779,20.4521,-4.2380,1787408071.244
green,11.7478,20.4846,-4.2380,1787408071.347
green,11.7301,20.4726,-4.2380,1787408071.444
green,11.7285,20.4017,-4.2380,1787408071.547
green,11.7306,20.3261,-4.2380,1787408071.645
green,11.7167,20.3067,-4.2380,1787408071.746
green,11.7048,20.2836,-4.2380,1787408071.845
green,11.6594,20.3774,-4.2380,1787408071.945
green,11.6400,20.3881,-4.2380,1787408072.044
green,11.6212,20.3881,-4.2380,1787408072.145
green,11.5960,20.4194,-4.2380,1787408072.245
green,11.5991,20.3514,-4.2380,1787408072.345
green,11.5911,20.3248,-4.2380,1787408072.445
green,11.5899,20.2745,-4.2380,1787408072.545
green,11.5875,20.2386,-4.2380,1787408072.645
green,11.5727,20.2367,-4.2380,1787408072.747
green,11.5540,20.2517,-4.2380,1787408072.844
green,11.5281,20.2926,-4.2380,1787408072.947
green,11.5114,20.3066,-4.2380,1787408073.045
green,11.4860,20.3462,-4.2380,1787408073.145
green,11.4828,20.3147,-4.2380,1787408073.245
green,11.4712,20.3048,-4.2380,1787408073.345
green,11.4622,20.2913,-4.2380,1787408073.444
green,11.4506,20.2969,-4.2380,1787408073.546
green,11.4400,20.2942,-4.2380,1787408073.645
green,11.4288,20.2973,-4.2380,1787408073.745
green,11.4336,20.2546,-4.2380,1787408073.845
green,11.4323,20.2251,-4.2380,1787408073.946
green,11.4286,20.2068,-4.2380,1787408074.045
green,11.4116,20.2266,-4.2380,1787408074.144
green,11.3834,20.2787,-4.2380,1787408074.244
green,11.3777,20.2645,-4.2380,1787408074.345
green,11.3768,20.2397,-4.2380,1787408074.444
green,11.3677,20.2428,-4.2380,1787408074.545
green,11.3577,20.2505,-4.2380,1787408074.645
green,11.3427,20.2713,-4.2380,1787408074.744
green,11.3236,20.3027,-4.2380,1787408074.845
green,11.3194,20.2951,-4.2380,1787408074.945
green,11.3012,20.3441,-4.2380,1787408075.046
green,11.3305,20.2660,-4.2380,1787408075.145
green,11.3264,20.3058,-4.2380,1787408075.245
green,11.3185,20.3531,-4.2380,1787408075.345
green,11.3120,20.4079,-4.2380,1787408075.445
green,11.3455,20.3528,-4.2380,1787408075.545
green,11.3713,20.3147,-4.2380,1787408075.645
green,11.3887,20.2981,-4.2380,1787408075.745
green,11.4052,20.2742,-4.2380,1787408075.847
green,11.4049,20.2822,-4.2380,1787408075.945
green,11.4066,20.2688,-4.2380,1787408076.045
green,11.4067,20.2639,-4.2380,1787408076.145
green,11.4048,20.2656,-4.2380,1787408076.246
green,11.4065,20.2573,-4.2380,1787408076.346
green,11.4136,20.2332,-4.2380,1787408076.445
green,11.4102,20.2415,-4.2380,1787408076.545
green,11.4031,20.2613,-4.2380,1787408076.647
green,11.3956,20.2826,-4.2380,1787408076.744
green,11.3902,20.2978,-4.2380,1787408076.845
green,11.3913,20.2936,-4.2380,1787408076.945
green,11.3927,20.2889,-4.2380,1787408077.045
green,11.3942,20.2838,-4.2380,1787408077.145
green,11.3866,20.3063,-4.2380,1787408077.246
green,11.3879,20.3021,-4.2380,1787408077.345
green,11.3871,20.3043,-4.2380,1787408077.446
green,11.3974,20.2730,-4.2380,1787408077.545
green,11.4037,20.2537,-4.2380,1787408077.645
green,11.4090,20.2377,-4.2380,1787408077.744
green,11.4073,20.2427,-4.2380,1787408077.846
green,11.4081,20.2400,-4.2380,1787408077.945
green,11.4069,20.2435,-4.2380,1787408078.048
green,11.4104,20.2331,-4.2380,1787408078.145
green,11.4094,20.2361,-4.2380,1787408078.246
green,11.4067,20.2441,-4.2380,1787408078.345
green,11.4084,20.2390,-4.2380,1787408078.446
green,11.4041,20.2518,-4.2380,1787408078.545
green,11.4045,20.2508,-4.2380,1787408078.645
green,11.4117,20.2291,-4.2380,1787408078.745
green,11.4068,20.2438,-4.2380,1787408078.845
green,11.4107,20.2321,-4.2380,1787408078.948
green,11.4127,20.2259,-4.2380,1787408079.045
green,11.4092,20.2366,-4.2380,1787408079.145
green,11.4095,20.2356,-4.2380,1787408079.245
green,11.4058,20.2467,-4.2380,1787408079.345
green,11.4019,20.2586,-4.2380,1787408079.445
green,11.3985,20.2687,-4.2380,1787408079.545
green,11.3579,20.3910,-4.2380,1787408079.645
green,11.3645,20.3712,-4.2380,1787408079.745
green,11.3473,20.4231,-4.2380,1787408079.845
green,11.3507,20.4127,-4.2380,1787408079.946
green,11.3298,20.4759,-4.2380,1787408080.044
green,11.3181,20.5110,-4.2380,1787408080.146
green,11.2894,20.5975,-4.2380,1787408080.245
green,11.2766,20.6361,-4.2380,1787408080.345
green,11.2683,20.6613,-4.2380,1787408080.445
green,11.2579,20.6925,-4.2380,1787408080.545
green,11.2459,20.7287,-4.2380,1787408080.645
green,11.2454,20.7304,-4.2380,1787408080.746
green,11.2335,20.7661,-4.2380,1787408080.844
green,11.2265,20.7874,-4.2380,1787408080.948
green,11.2229,20.7981,-4.2380,1787408081.045
green,11.2230,20.7977,-4.2380,1787408081.146
green,11.2144,20.8237,-4.2380,1787408081.245
green,11.2061,20.8489,-4.2380,1787408081.345
green,11.1940,20.8854,-4.2380,1787408081.445
green,11.1860,20.9093,-4.2380,1787408081.545
green,11.1797,20.9284,-4.2380,1787408081.645
green,11.1728,20.9492,-4.2380,1787408081.745
green,11.1803,20.9266,-4.2380,1787408081.845
green,11.1781,20.9332,-4.2380,1787408081.946
green,11.1824,20.9201,-4.2380,1787408082.045
green,11.1841,20.9152,-4.2380,1787408082.145
green,11.1836,20.9166,-4.2380,1787408082.245
green,11.1822,20.9210,-4.2380,1787408082.344
green,11.1804,20.9264,-4.2380,1787408082.445
green,11.1772,20.9358,-4.2380,1787408082.545
green,11.1788,20.9310,-4.2380,1787408082.644
green,11.1755,20.9412,-4.2380,1787408082.745
green,11.1846,20.9135,-4.2380,1787408082.845
green,11.1951,20.8820,-4.2380,1787408082.945
green,11.1980,20.8732,-4.2380,1787408083.044
green,11.1985,20.8716,-4.2380,1787408083.144
green,11.2009,20.8644,-4.2380,1787408083.245
green,11.2014,20.8630,-4.2380,1787408083.345
green,11.2006,20.8653,-4.2380,1787408083.445
green,11.1976,20.8743,-4.2380,1787408083.544
green,11.1947,20.8831,-4.2380,1787408083.645
green,11.1980,20.8732,-4.2380,1787408083.745
green,11.1961,20.8791,-4.2380,1787408083.845
green,11.1972,20.8755,-4.2380,1787408083.945
green,11.2016,20.8624,-4.2380,1787408084.046
green,11.2054,20.8510,-4.2380,1787408084.144
green,11.2026,20.8592,-4.2380,1787408086.744
green,11.1998,20.8678,-4.2380,1787408086.846
green,11.2001,20.8669,-4.2380,1787408086.945
green,11.1985,20.8718,-4.2380,1787408087.045
green,11.1958,20.8797,-4.2380,1787408087.145
green,11.1945,20.8837,-4.2380,1787408087.245
green,11.1916,20.8925,-4.2380,1787408087.345
green,11.1884,20.9021,-4.2380,1787408087.445
green,11.1863,20.9084,-4.2361,1787408087.544
green,11.1842,20.9147,-4.2325,1787408087.646
green,11.1821,20.9212,-4.2277,1787408087.745
green,11.1804,20.9262,-4.2218,1787408087.845
green,11.1776,20.9348,-4.2151,1787408087.944
green,11.1754,20.9415,-4.2078,1787408088.045
green,11.1726,20.9498,-4.1999,1787408088.144
green,11.1704,20.9564,-4.1916,1787408088.245
green,11.1677,20.9647,-4.1833,1787408088.345
green,11.1660,20.9697,-4.1747,1787408088.445
green,11.1653,20.9718,-4.1659,1787408088.546
green,11.1642,20.9752,-4.1568,1787408088.645
green,11.1634,20.9775,-4.1479,1787408088.745
green,11.1628,20.9794,-4.1388,1787408088.845
green,11.1623,20.9808,-4.1295,1787408088.945
green,11.1620,20.9817,-4.1201,1787408089.045
green,11.1618,20.9823,-4.1106,1787408089.144
green,11.1617,20.9826,-4.1009,1787408089.245
green,11.1617,20.9828,-4.0912,1787408089.344
green,11.1617,20.9827,-4.0815,1787408089.445
green,11.1617,20.9825,-4.0717,1787408089.545
green,11.1624,20.9806,-4.0618,1787408089.644
green,11.1629,20.9790,-4.0519,1787408089.745
green,11.1634,20.9775,-4.0420,1787408089.845
green,11.1639,20.9762,-4.0321,1787408089.944
green,11.1643,20.9750,-4.0222,1787408090.044
green,11.1646,20.9739,-4.0123,1787408090.144
green,11.1650,20.9728,-4.0023,1787408090.244
green,11.1653,20.9718,-3.9923,1787408090.345
green,11.1659,20.9701,-3.9824,1787408090.444
green,11.1664,20.9686,-3.9724,1787408090.545
green,11.1665,20.9681,-3.9624,1787408090.645
green,7.4531,21.6914,-3.1479,1787408157.246
green,7.4524,21.6914,-3.1479,1787408157.345
green,8.6893,19.0975,-3.1479,1787408168.545
green,8.6891,19.1010,-3.1479,1787408168.644
green,8.6888,19.1079,-3.1479,1787408168.745
green,8.6883,19.1182,-3.1479,1787408168.844
green,8.6878,19.1305,-3.1479,1787408168.945
green,8.6871,19.1455,-3.1479,1787408169.044
green,8.6864,19.1613,-3.1479,1787408169.145
green,8.6856,19.1791,-3.1479,1787408169.245
green,8.6848,19.1970,-3.1479,1787408169.344
green,8.6839,19.2166,-3.1479,1787408169.444
green,8.6831,19.2363,-3.1479,1787408169.545
green,8.6822,19.2562,-3.1479,1787408169.644
green,8.6813,19.2763,-3.1479,1787408169.745
green,8.6803,19.2972,-3.1479,1787408169.844
green,8.6794,19.3180,-3.1479,1787408169.945
green,8.6784,19.3394,-3.1479,1787408170.048
green,8.6775,19.3606,-3.1479,1787408170.144
green,8.6765,19.3828,-3.1479,1787408170.244
green,8.6755,19.4042,-3.1479,1787408170.344
green,8.6745,19.4266,-3.1479,1787408170.444
green,8.6736,19.4482,-3.1479,1787408170.544
green,8.6726,19.4706,-3.1479,1787408170.645
green,8.6716,19.4926,-3.1479,1787408170.745
green,8.6706,19.5151,-3.1479,1787408170.845
green,8.6696,19.5371,-3.1479,1787408170.945
green,8.6686,19.5590,-3.1479,1787408171.044
green,8.6676,19.5805,-3.1479,1787408171.145
green,8.6667,19.6026,-3.1479,1787408171.244
green,8.6657,19.6243,-3.1479,1787408171.345
green,8.6647,19.6469,-3.1479,1787408171.445
green,8.6637,19.6687,-3.1479,1787408171.546
green,8.6627,19.6913,-3.1479,1787408171.644
green,8.6617,19.7131,-3.1479,1787408171.745
green,8.6607,19.7357,-3.1479,1787408171.844
green,8.6597,19.7578,-3.1479,1787408171.946
green,8.6587,19.7804,-3.1479,1787408172.044
green,8.6577,19.8025,-3.1479,1787408172.145
green,8.6567,19.8250,-3.1479,1787408172.244
green,8.6557,19.8471,-3.1479,1787408172.346
green,8.6547,19.8696,-3.1479,1787408172.444
green,8.6537,19.8917,-3.1479,1787408172.545
green,8.6527,19.9145,-3.1479,1787408172.644
green,8.6517,19.9365,-3.1479,1787408172.746
green,8.6507,19.9593,-3.1479,1787408172.844
green,8.6497,19.9812,-3.1479,1787408172.946
green,8.6487,20.0039,-3.1479,1787408173.044
green,8.6477,20.0262,-3.1479,1787408173.145
green,8.6467,20.0488,-3.1479,1787408173.244
green,8.6457,20.0710,-3.1479,1787408173.345
green,8.6447,20.0936,-3.1479,1787408173.444
green,8.6437,20.1157,-3.1479,1787408173.545
green,8.6427,20.1382,-3.1479,1787408173.644
green,8.6417,20.1597,-3.1479,1787408173.745
green,8.6407,20.1821,-3.1479,1787408173.845
green,8.6397,20.2037,-3.1479,1787408173.945
green,8.6387,20.2262,-3.1479,1787408174.045
green,8.6378,20.2479,-3.1479,1787408174.145
green,8.6367,20.2704,-3.1479,1787408174.244
green,8.6358,20.2925,-3.1479,1787408174.346
green,8.6348,20.3150,-3.1479,1787408174.446
green,8.6338,20.3371,-3.1479,1787408174.545
green,8.6328,20.3593,-3.1479,1787408174.644
green,8.6318,20.3809,-3.1479,1787408174.744
green,8.6308,20.4022,-3.1479,1787408174.845
green,8.6299,20.4244,-3.1479,1787408174.945
green,8.6289,20.4459,-3.1479,1787408175.045
green,8.6279,20.4682,-3.1479,1787408175.145
green,8.6269,20.4909,-3.1479,1787408175.245
green,8.6259,20.5132,-3.1479,1787408175.344
green,8.6248,20.5362,-3.1479,1787408175.444
green,8.6239,20.5583,-3.1479,1787408175.545
green,8.6228,20.5811,-3.1479,1787408175.644
green,8.6218,20.6035,-3.1479,1787408175.745
green,8.6208,20.6262,-3.1479,1787408175.845
green,8.6198,20.6484,-3.1479,1787408175.946
green,8.6188,20.6711,-3.1479,1787408176.044
green,8.6178,20.6932,-3.1479,1787408176.144
green,8.6168,20.7161,-3.1479,1787408176.244
green,8.6158,20.7382,-3.1479,1787408176.344
green,8.6148,20.7610,-3.1479,1787408176.444
green,8.6138,20.7834,-3.1479,1787408176.544
green,8.6128,20.8054,-3.1479,1787408176.645
green,8.6118,20.8272,-3.1479,1787408176.745
green,8.6108,20.8498,-3.1479,1787408176.844
green,8.6098,20.8716,-3.1479,1787408176.944
green,8.6089,20.8931,-3.1479,1787408177.047
green,8.6079,20.9154,-3.1479,1787408177.144
green,8.6069,20.9371,-3.1479,1787408177.245
green,8.6059,20.9596,-3.1479,1787408177.344
green,8.6049,20.9816,-3.1479,1787408177.444
green,8.6039,21.0041,-3.1479,1787408177.544
green,8.6029,21.0261,-3.1479,1787408177.645
green,8.6019,21.0480,-3.1479,1787408177.744
green,8.6010,21.0696,-3.1479,1787408177.847
green,8.6000,21.0920,-3.1479,1787408177.945
green,8.5990,21.1137,-3.1479,1787408178.045
green,8.5980,21.1362,-3.1479,1787408178.144
green,8.5970,21.1583,-3.1479,1787408178.245
green,8.5960,21.1808,-3.1479,1787408178.344
green,8.5950,21.2028,-3.1479,1787408178.445
green,8.5940,21.2253,-3.1479,1787408178.544
green,8.5930,21.2474,-3.1479,1787408178.645
green,8.5920,21.2702,-3.1479,1787408178.744
green,8.5910,21.2925,-3.1479,1787408178.845
green,8.5900,21.3152,-3.1479,1787408178.944
green,8.5890,21.3374,-3.1479,1787408179.045
green,8.5880,21.3600,-3.1479,1787408179.144
green,8.5870,21.3822,-3.1479,1787408179.247
green,8.5860,21.4045,-3.1479,1787408179.344
green,8.5850,21.4268,-3.1479,1787408179.445
green,8.5840,21.4476,-3.1479,1787408179.545
green,8.5832,21.4673,-3.1479,1787408179.645
green,8.5823,21.4860,-3.1479,1787408179.744
green,8.5815,21.5040,-3.1479,1787408179.845
green,8.5807,21.5214,-3.1479,1787408179.945
green,8.5800,21.5383,-3.1479,1787408180.046
green,8.5792,21.5548,-3.1479,1787408180.145
green,8.5785,21.5710,-3.1479,1787408180.245
green,8.5778,21.5870,-3.1479,1787408180.344
green,8.5771,21.6027,-3.1479,1787408180.445
green,8.5764,21.6177,-3.1479,1787408180.544
green,8.5757,21.6327,-3.1479,1787408180.645
green,8.5751,21.6477,-3.1479,1787408180.744
green,8.5744,21.6627,-3.1479,1787408180.846
green,8.5731,21.6909,-3.1479,1787408181.565
green,8.5721,21.7140,-3.1479,1787408181.565
green,8.5713,21.7331,-3.1479,1787408181.566
green,8.5705,21.7490,-3.1479,1787408181.566
green,8.5699,21.7623,-3.1479,1787408181.567
green,8.5694,21.7736,-3.1479,1787408181.567
green,8.5690,21.7832,-3.1479,1787408181.568
green,8.5685,21.7950,-3.1479,1787408181.645
green,8.5679,21.8069,-3.1479,1787408181.745
green,8.5674,21.8194,-3.1479,1787408181.844
green,8.5668,21.8324,-3.1479,1787408181.944
green,8.5662,21.8458,-3.1479,1787408182.045
green,8.5655,21.8614,-3.1479,1787408182.145
green,8.5678,21.8744,-3.1479,1787408182.245
green,8.5726,21.8850,-3.1479,1787408182.345
green,8.5794,21.8936,-3.1479,1787408182.444
green,8.5873,21.9006,-3.1479,1787408182.545
green,8.5966,21.9067,-3.1479,1787408182.644
green,8.6070,21.9117,-3.1479,1787408182.746
green,8.6183,21.9158,-3.1479,1787408182.845
green,8.6304,21.9193,-3.1479,1787408182.945
green,8.6430,21.9222,-3.1479,1787408183.045
green,8.6561,21.9246,-3.1479,1787408183.145
green,8.6696,21.9271,-3.1479,1787408183.244
green,8.6833,21.9292,-3.1479,1787408183.345
green,8.6967,21.9310,-3.1479,1787408183.445
green,8.7105,21.9325,-3.1479,1787408183.546
green,8.7244,21.9339,-3.1479,1787408183.644
green,8.7386,21.9355,-3.1479,1787408183.745
green,8.7529,21.9369,-3.1479,1787408183.844
green,8.7674,21.9382,-3.1479,1787408183.945
green,8.7819,21.9393,-3.1479,1787408184.045
green,8.7966,21.9404,-3.1479,1787408184.145
green,8.8113,21.9417,-3.1479,1787408184.244
green,8.8260,21.9429,-3.1479,1787408184.345
green,8.8408,21.9440,-3.1479,1787408184.444
green,8.8556,21.9451,-3.1479,1787408184.545
green,8.8705,21.9460,-3.1479,1787408184.644
green,8.8854,21.9469,-3.1479,1787408184.745
green,8.9002,21.9481,-3.1479,1787408184.844
green,8.9152,21.9492,-3.1479,1787408184.945
green,8.9301,21.9502,-3.1479,1787408185.044
green,8.9450,21.9512,-3.1479,1787408185.145
green,8.9599,21.9521,-3.1479,1787408185.244
green,8.9743,21.9532,-3.1479,1787408185.345
green,8.9887,21.9543,-3.1479,1787408185.444
green,9.0033,21.9553,-3.1479,1787408185.545
green,9.0179,21.9563,-3.1479,1787408185.644
green,9.0326,21.9571,-3.1479,1787408185.744
green,9.0474,21.9583,-3.1479,1787408185.844
green,9.0622,21.9594,-3.1479,1787408185.945
green,9.0770,21.9604,-3.1479,1787408186.044
green,9.0919,21.9614,-3.1479,1787408186.144
green,9.1067,21.9623,-3.1479,1787408186.244
green,9.1216,21.9631,-3.1479,1787408186.345
green,9.1365,21.9643,-3.1479,1787408186.444
green,9.1515,21.9654,-3.1479,1787408186.544
green,9.1664,21.9664,-3.1479,1787408186.645
green,9.1813,21.9673,-3.1479,1787408186.744
green,9.1957,21.9681,-3.1479,1787408186.844
green,9.2101,21.9693,-3.1479,1787408186.946
green,9.2247,21.9704,-3.1479,1787408187.044
green,9.2393,21.9714,-3.1479,1787408187.144
green,9.2540,21.9723,-3.1479,1787408187.245
green,9.2688,21.9732,-3.1479,1787408187.345
green,9.2836,21.9744,-3.1479,1787408187.444
green,9.2984,21.9755,-3.1479,1787408187.545
green,9.3133,21.9765,-3.1479,1787408187.644
green,9.3281,21.9774,-3.1479,1787408187.745
green,9.3430,21.9783,-3.1479,1787408187.844
green,9.3579,21.9792,-3.1479,1787408187.945
green,9.3729,21.9803,-3.1479,1787408188.044
green,9.3878,21.9814,-3.1479,1787408188.145
green,9.4027,21.9824,-3.1479,1787408188.244
green,9.4177,21.9833,-3.1479,1787408188.344
green,9.4320,21.9842,-3.1479,1787408188.444
green,9.4465,21.9850,-3.1479,1787408188.545
green,9.4610,21.9861,-3.1479,1787408188.644
green,9.4757,21.9872,-3.1479,1787408188.745
green,9.4904,21.9882,-3.1479,1787408188.845
green,9.5051,21.9891,-3.1479,1787408188.944
green,9.5199,21.9899,-3.1479,1787408189.044
green,9.5348,21.9911,-3.1479,1787408189.144
green,9.5496,21.9922,-3.1479,1787408189.245
green,9.5645,21.9932,-3.1479,1787408189.345
green,9.5794,21.9942,-3.1479,1787408189.444
green,9.5943,21.9950,-3.1479,1787408189.546
green,9.6092,21.9962,-3.1479,1787408189.644
green,9.6235,21.9973,-3.1479,1787408189.745
green,9.6380,21.9983,-3.1479,1787408189.846
green,9.6525,21.9992,-3.1479,1787408189.944
green,9.6672,22.0001,-3.1479,1787408190.046
green,9.6819,22.0009,-3.1479,1787408190.145
green,9.6966,22.0021,-3.1479,1787408190.245
green,9.7114,22.0032,-3.1479,1787408190.344
green,9.7263,22.0042,-3.1479,1787408190.445
green,9.7405,22.0051,-3.1479,1787408190.544
green,9.7549,22.0059,-3.1479,1787408190.644
green,9.7694,22.0071,-3.1479,1787408190.744
green,9.7840,22.0082,-3.1479,1787408190.844
green,9.7987,22.0092,-3.1479,1787408190.944
green,9.8134,22.0101,-3.1479,1787408191.045
green,9.8282,22.0110,-3.1479,1787408191.144
green,9.8430,22.0118,-3.1479,1787408191.245
green,9.8578,22.0130,-3.1479,1787408191.345
green,9.8727,22.0140,-3.1479,1787408191.445
green,9.8876,22.0150,-3.1479,1787408191.544
green,9.9025,22.0160,-3.1479,1787408191.646
green,9.9174,22.0168,-3.1479,1787408191.744
green,9.9323,22.0180,-3.1479,1787408191.846
green,9.9467,22.0191,-3.1479,1787408191.944
green,9.9611,22.0201,-3.1479,1787408192.045
green,9.9757,22.0210,-3.1479,1787408192.144
green,9.9903,22.0219,-3.1479,1787408192.245
green,10.0050,22.0231,-3.1479,1787408192.344
green,10.0198,22.0242,-3.1479,1787408192.445
green,10.0345,22.0252,-3.1479,1787408192.545
green,10.0494,22.0261,-3.1479,1787408192.645
green,10.0642,22.0270,-3.1479,1787408192.744
green,10.0791,22.0278,-3.1479,1787408192.845
green,10.0940,22.0290,-3.1479,1787408192.944
green,10.1083,22.0300,-3.1479,1787408193.044
green,10.1227,22.0310,-3.1479,1787408193.144
green,10.1373,22.0319,-3.1479,1787408193.245
green,10.1519,22.0328,-3.1479,1787408193.345
green,10.1666,22.0336,-3.1479,1787408193.445
green,10.1814,22.0348,-3.1479,1787408193.544
green,10.1961,22.0358,-3.1479,1787408193.644
green,10.2110,22.0368,-3.1479,1787408193.744
green,10.2258,22.0377,-3.1479,1787408193.845
green,10.2407,22.0386,-3.1479,1787408193.944
green,10.2556,22.0398,-3.1479,1787408194.044
green,10.2705,22.0409,-3.1479,1787408194.144
green,10.2854,22.0419,-3.1479,1787408194.245
green,10.3003,22.0428,-3.1479,1787408194.344
green,10.3153,22.0437,-3.1479,1787408194.445
green,10.3302,22.0449,-3.1479,1787408194.545
green,10.3451,22.0460,-3.1479,1787408194.645
green,10.3601,22.0470,-3.1479,1787408194.744
green,10.3750,22.0480,-3.1479,1787408194.845
green,10.3900,22.0488,-3.1479,1787408194.944
green,10.4049,22.0497,-3.1479,1787408195.044
green,10.4199,22.0509,-3.1479,1787408195.144
green,10.4348,22.0519,-3.1479,1787408195.245
green,10.4492,22.0529,-3.1479,1787408195.344
green,10.4637,22.0538,-3.1479,1787408195.446
green,10.4782,22.0547,-3.1479,1787408195.545
green,10.4929,22.0559,-3.1479,1787408195.644
green,10.5076,22.0569,-3.1479,1787408195.744
green,10.5224,22.0579,-3.1479,1787408195.844
green,10.5372,22.0589,-3.1479,1787408195.944
green,10.5520,22.0598,-3.1479,1787408196.045
green,10.5669,22.0610,-3.1479,1787408196.144
green,10.5817,22.0620,-3.1479,1787408196.244
green,10.5966,22.0631,-3.1479,1787408196.345
green,10.6115,22.0640,-3.1479,1787408196.445
green,10.6265,22.0649,-3.1479,1787408196.544
green,10.6408,22.0657,-3.1479,1787408196.645
green,10.6552,22.0669,-3.1479,1787408196.745
green,10.6698,22.0679,-3.1479,1787408196.845
green,10.6844,22.0689,-3.1479,1787408196.945
green,10.6991,22.0698,-3.1479,1787408197.044
green,10.7139,22.0707,-3.1479,1787408197.145
green,10.7287,22.0719,-3.1479,1787408197.244
green,10.7435,22.0730,-3.1479,1787408197.345
green,10.7583,22.0740,-3.1479,1787408197.444
green,10.7732,22.0749,-3.1479,1787408197.545
green,10.7881,22.0758,-3.1479,1787408197.645
green,10.8024,22.0766,-3.1479,1787408197.744
green,10.8169,22.0777,-3.1479,1787408197.845
green,10.8314,22.0788,-3.1479,1787408197.945
green,10.8460,22.0798,-3.1479,1787408198.045
green,10.8607,22.0807,-3.1479,1787408198.148
green,10.8755,22.0816,-3.1479,1787408198.244
green,10.8903,22.0824,-3.1479,1787408198.345
green,10.9051,22.0835,-3.1479,1787408198.444
green,10.9199,22.0846,-3.1479,1787408198.545
green,10.9348,22.0856,-3.1479,1787408198.644
green,10.9497,22.0865,-3.1479,1787408198.746
green,10.9646,22.0874,-3.1479,1787408198.844
green,10.9795,22.0886,-3.1479,1787408198.946
green,10.9944,22.0897,-3.1479,1787408199.044
green,11.0094,22.0907,-3.1479,1787408199.145
green,11.0243,22.0916,-3.1479,1787408199.244
green,11.0393,22.0925,-3.1479,1787408199.345
green,11.0542,22.0937,-3.1479,1787408199.444
green,11.0691,22.0948,-3.1479,1787408199.544
green,11.0841,22.0958,-3.1479,1787408199.644
green,11.0990,22.0967,-3.1479,1787408199.745
green,11.1140,22.0976,-3.1479,1787408199.844
green,11.1283,22.0988,-3.1479,1787408199.945
green,11.1428,22.0999,-3.1479,1787408200.044
green,11.1574,22.1009,-3.1479,1787408200.146
green,11.1720,22.1018,-3.1479,1787408200.244
green,11.1868,22.1027,-3.1479,1787408200.345
green,11.2015,22.1035,-3.1479,1787408200.444
green,11.2163,22.1047,-3.1479,1787408200.545
green,11.2312,22.1058,-3.1479,1787408200.644
green,11.2460,22.1068,-3.1479,1787408200.745
green,11.2609,22.1077,-3.1479,1787408200.844
green,11.2758,22.1086,-3.1479,1787408200.944
green,11.2901,22.1097,-3.1479,1787408201.044
green,11.3051,22.1108,-3.1479,1787408201.146
green,11.3196,22.1118,-3.1479,1787408201.245
green,11.3341,22.1127,-3.1479,1787408201.344
green,11.3487,22.1136,-3.1479,1787408201.445
green,11.3634,22.1144,-3.1479,1787408201.545
green,11.3781,22.1156,-3.1479,1787408201.644
green,11.3929,22.1167,-3.1479,1787408201.745
green,11.4077,22.1177,-3.1479,1787408201.844
green,11.4226,22.1186,-3.1479,1787408201.945
green,11.4375,22.1195,-3.1479,1787408202.044
green,11.4523,22.1206,-3.1479,1787408202.145
green,11.4672,22.1217,-3.1479,1787408202.244
green,11.4821,22.1227,-3.1479,1787408202.344
green,11.4971,22.1237,-3.1479,1787408202.444
green,11.5116,22.1246,-3.1479,1787408202.544
green,11.5202,22.1251,-3.1479,1787408202.644
green,11.5241,22.1254,-3.1479,1787408202.745
green,11.5242,22.1255,-3.1479,1787408202.844
green,11.5213,22.1255,-3.1479,1787408202.945
green,11.5160,22.1253,-3.1479,1787408203.045
green,11.5094,22.1247,-3.1479,1787408203.144
green,11.5011,22.1241,-3.1479,1787408203.244
green,11.4915,22.1235,-3.1479,1787408203.344
green,11.4808,22.1228,-3.1479,1787408203.445
green,11.4692,22.1222,-3.1479,1787408203.545
green,11.4570,22.1212,-3.1479,1787408203.644
green,11.4442,22.1202,-3.1479,1787408203.745
green,11.4310,22.1194,-3.1479,1787408203.845
green,11.4174,22.1185,-3.1479,1787408203.948
green,11.4042,22.1177,-3.1479,1787408204.045
green,11.3906,22.1170,-3.1479,1787408204.144
green,11.3767,22.1159,-3.1479,1787408204.245
green,11.3627,22.1148,-3.1479,1787408204.344
green,11.3484,22.1139,-3.1479,1787408204.447
green,11.3346,22.1130,-3.1479,1787408204.544
green,11.3206,22.1122,-3.1479,1787408204.645
green,11.3064,22.1110,-3.1479,1787408204.744
green,11.2920,22.1100,-3.1479,1787408204.845
green,11.2775,22.1090,-3.1479,1787408204.944
green,11.2629,22.1081,-3.1479,1787408205.045
green,11.2483,22.1072,-3.1479,1787408205.144
green,11.2335,22.1064,-3.1479,1787408205.245
green,11.2188,22.1052,-3.1479,1787408205.344
green,11.2040,22.1041,-3.1479,1787408205.445
green,11.1892,22.1032,-3.1479,1787408205.544
green,11.1743,22.1022,-3.1479,1787408205.645
green,11.1594,22.1014,-3.1479,1787408205.744
green,11.1451,22.1002,-3.1479,1787408205.845
green,11.1307,22.0991,-3.1479,1787408205.944
green,11.1162,22.0981,-3.1479,1787408206.045
green,11.1015,22.0972,-3.1479,1787408206.145
green,11.0868,22.0963,-3.1479,1787408206.246
green,11.0721,22.0955,-3.1479,1787408206.344
green,11.0573,22.0943,-3.1479,1787408206.445
green,11.0425,22.0933,-3.1479,1787408206.544
green,11.0276,22.0923,-3.1479,1787408206.646
green,11.0128,22.0914,-3.1479,1787408206.745
green,10.9979,22.0905,-3.1479,1787408206.845
green,10.9830,22.0893,-3.1479,1787408206.944
green,10.9681,22.0882,-3.1479,1787408207.046
green,10.9531,22.0872,-3.1479,1787408207.144
green,10.9382,22.0863,-3.1479,1787408207.244
green,10.9233,22.0854,-3.1479,1787408207.344
green,10.9083,22.0845,-3.1479,1787408207.444
green,10.8934,22.0834,-3.1479,1787408207.544
green,10.8790,22.0823,-3.1479,1787408207.645
green,10.8646,22.0814,-3.1479,1787408207.744
green,10.8500,22.0804,-3.1479,1787408207.845
green,10.8353,22.0796,-3.1479,1787408207.944
green,10.8206,22.0784,-3.1479,1787408208.045
green,10.8059,22.0773,-3.1479,1787408208.145
green,10.7911,22.0763,-3.1479,1787408208.245
green,10.7763,22.0754,-3.1479,1787408208.344
green,10.7614,22.0745,-3.1479,1787408208.445
green,10.7465,22.0733,-3.1479,1787408208.544
green,10.7316,22.0722,-3.1479,1787408208.645
green,10.7167,22.0712,-3.1479,1787408208.744
green,10.7018,22.0702,-3.1479,1787408208.845
green,10.6875,22.0694,-3.1479,1787408208.945
green,10.6730,22.0686,-3.1479,1787408209.045
green,10.6585,22.0674,-3.1479,1787408209.144
green,10.6438,22.0663,-3.1479,1787408209.246
green,10.6291,22.0654,-3.1479,1787408209.344
green,10.6144,22.0644,-3.1479,1787408209.445
green,10.5996,22.0636,-3.1479,1787408209.544
green,10.5848,22.0624,-3.1479,1787408209.646
green,10.5699,22.0613,-3.1479,1787408209.744
green,10.5550,22.0603,-3.1479,1787408209.847
green,10.5401,22.0594,-3.1479,1787408209.944
green,10.5252,22.0585,-3.1479,1787408210.045
green,10.5103,22.0573,-3.1479,1787408210.144
green,10.4954,22.0562,-3.1479,1787408210.245
green,10.4805,22.0552,-3.1479,1787408210.344
green,10.4655,22.0542,-3.1479,1787408210.446
green,10.4506,22.0533,-3.1479,1787408210.544
green,10.4356,22.0525,-3.1479,1787408210.645
green,10.4207,22.0513,-3.1479,1787408210.744
green,10.4057,22.0502,-3.1479,1787408210.844
green,10.3752,22.0485,-3.1479,1787408211.697
green,10.3502,22.0472,-3.1479,1787408211.698
green,10.3296,22.0460,-3.1479,1787408211.698
green,10.3125,22.0447,-3.1479,1787408211.699
green,10.2982,22.0437,-3.1479,1787408211.700
green,10.2862,22.0428,-3.1479,1787408211.701
green,10.2760,22.0421,-3.1479,1787408211.702
green,10.2673,22.0415,-3.1479,1787408211.704
green,10.2579,22.0409,-3.1479,1787408211.744
green,10.2474,22.0399,-3.1479,1787408211.844
green,10.2360,22.0390,-3.1479,1787408211.945
green,10.2239,22.0381,-3.1479,1787408212.045
green,10.2112,22.0373,-3.1479,1787408212.145
green,10.1986,22.0365,-3.1479,1787408212.245
green,10.1856,22.0358,-3.1479,1787408212.344
green,10.1722,22.0347,-3.1479,1787408212.445
green,10.1585,22.0337,-3.1479,1787408212.544
green,10.1445,22.0327,-3.1479,1787408212.644
green,10.1303,22.0318,-3.1479,1787408212.745
green,10.1160,22.0310,-3.1479,1787408212.845
green,10.1022,22.0298,-3.1479,1787408212.944
green,10.0881,22.0288,-3.1479,1787408213.046
green,10.0738,22.0278,-3.1479,1787408213.145
green,10.0594,22.0269,-3.1479,1787408213.245
green,10.0449,22.0260,-3.1479,1787408213.344
green,10.0303,22.0252,-3.1479,1787408213.444
green,10.0157,22.0241,-3.1479,1787408213.545
green,10.0009,22.0230,-3.1479,1787408213.644
green,9.9862,22.0220,-3.1479,1787408213.744
green,9.9714,22.0211,-3.1479,1787408213.845
green,9.9565,22.0202,-3.1479,1787408213.945
green,9.9416,22.0190,-3.1479,1787408214.047
green,9.9274,22.0180,-3.1479,1787408214.144
green,9.9129,22.0170,-3.1479,1787408214.247
green,9.8984,22.0161,-3.1479,1787408214.344
green,9.8838,22.0152,-3.1479,1787408214.445
green,9.8691,22.0140,-3.1479,1787408214.544
green,9.8544,22.0129,-3.1479,1787408214.644
green,9.8396,22.0119,-3.1479,1787408214.745
green,9.8254,22.0110,-3.1479,1787408214.844
green,9.8110,22.0101,-3.1479,1787408214.947
green,9.7965,22.0093,-3.1479,1787408215.044
green,9.7819,22.0081,-3.1479,1787408215.146
green,9.7673,22.0071,-3.1479,1787408215.244
green,9.7526,22.0061,-3.1479,1787408215.347
green,9.7378,22.0052,-3.1479,1787408215.444
green,9.7230,22.0043,-3.1479,1787408215.544
green,9.7082,22.0031,-3.1479,1787408215.644
green,9.6933,22.0020,-3.1479,1787408215.746
green,9.6790,22.0011,-3.1479,1787408215.845
green,9.6646,22.0001,-3.1479,1787408215.945
green,9.6501,21.9993,-3.1479,1787408216.045
green,9.6355,21.9984,-3.1479,1787408216.144
green,9.6208,21.9973,-3.1479,1787408216.244
green,9.6061,21.9962,-3.1479,1787408216.346
green,9.5913,21.9952,-3.1479,1787408216.444
green,9.5765,21.9943,-3.1479,1787408216.545
green,9.5616,21.9934,-3.1479,1787408216.645
green,9.5467,21.9922,-3.1479,1787408216.745
green,9.5319,21.9912,-3.1479,1787408216.844
green,9.5170,21.9902,-3.1479,1787408216.945
green,9.5020,21.9892,-3.1479,1787408217.045
green,9.4871,21.9883,-3.1479,1787408217.144
green,9.4722,21.9875,-3.1479,1787408217.244
green,9.4572,21.9863,-3.1479,1787408217.345
green,9.4423,21.9852,-3.1479,1787408217.444
green,9.4280,21.9843,-3.1479,1787408217.545
green,9.4135,21.9834,-3.1479,1787408217.644
green,9.3989,21.9825,-3.1479,1787408217.745
green,9.3843,21.9813,-3.1479,1787408217.845
green,9.3696,21.9803,-3.1479,1787408217.945
green,9.3548,21.9793,-3.1479,1787408218.047
green,9.3400,21.9783,-3.1479,1787408218.145
green,9.3252,21.9774,-3.1479,1787408218.245
green,9.3103,21.9766,-3.1479,1787408218.348
green,9.2960,21.9755,-3.1479,1787408218.445
green,9.2816,21.9744,-3.1479,1787408218.544
green,9.2671,21.9734,-3.1479,1787408218.644
green,9.2525,21.9725,-3.1479,1787408218.745
green,9.2378,21.9717,-3.1479,1787408218.844
green,9.2231,21.9705,-3.1479,1787408218.944
green,9.2083,21.9694,-3.1479,1787408219.045
green,9.1935,21.9684,-3.1479,1787408219.144
green,9.1786,21.9675,-3.1479,1787408219.244
green,9.1638,21.9666,-3.1479,1787408219.345
green,9.1489,21.9654,-3.1479,1787408219.444
green,9.1340,21.9643,-3.1479,1787408219.544
green,9.1197,21.9633,-3.1479,1787408219.644
green,9.1052,21.9624,-3.1479,1787408219.744
green,9.0907,21.9615,-3.1479,1787408219.845
green,9.0760,21.9607,-3.1479,1787408219.944
green,9.0614,21.9595,-3.1479,1787408220.046
green,9.0466,21.9584,-3.1479,1787408220.144
green,9.0318,21.9575,-3.1479,1787408220.246
green,9.0170,21.9565,-3.1479,1787408220.344
green,9.0021,21.9557,-3.1479,1787408220.446
green,8.9873,21.9545,-3.1479,1787408220.544
green,8.9724,21.9534,-3.1479,1787408220.645
green,8.9575,21.9524,-3.1479,1787408220.744
green,8.9426,21.9514,-3.1479,1787408220.845
green,8.9276,21.9505,-3.1479,1787408220.944
green,8.9133,21.9497,-3.1479,1787408221.045
green,8.8988,21.9486,-3.1479,1787408221.145
green,8.8843,21.9475,-3.1479,1787408221.245
green,8.8697,21.9465,-3.1479,1787408221.344
green,8.8549,21.9456,-3.1479,1787408221.445
green,8.8402,21.9448,-3.1479,1787408221.544
green,8.8254,21.9436,-3.1479,1787408221.646
green,8.8106,21.9425,-3.1479,1787408221.744
green,8.7957,21.9415,-3.1479,1787408221.846
green,8.7814,21.9406,-3.1479,1787408221.944
green,8.7670,21.9397,-3.1479,1787408222.046
green,8.7525,21.9385,-3.1479,1787408222.144
green,8.7379,21.9374,-3.1479,1787408222.246
green,8.7232,21.9364,-3.1479,1787408222.344
green,8.7085,21.9355,-3.1479,1787408222.445
green,8.6937,21.9346,-3.1479,1787408222.544
green,8.6789,21.9338,-3.1479,1787408222.645
green,8.6640,21.9326,-3.1479,1787408222.745
green,8.6492,21.9315,-3.1479,1787408222.845
green,8.6343,21.9306,-3.1479,1787408222.945
green,8.6194,21.9296,-3.1479,1787408223.044
green,8.6045,21.9288,-3.1479,1787408223.144
green,8.5895,21.9279,-3.1479,1787408223.245
green,8.5752,21.9268,-3.1479,1787408223.344
green,8.5608,21.9257,-3.1479,1787408223.446
green,8.5462,21.9248,-3.1479,1787408223.544
green,8.5316,21.9239,-3.1479,1787408223.646
green,8.5169,21.9230,-3.1479,1787408223.744
green,8.5021,21.9218,-3.1479,1787408223.845
green,8.4874,21.9193,-3.1479,1787408223.945
green,8.4726,21.9171,-3.1479,1787408224.044
green,8.4578,21.9153,-3.1479,1787408224.145
green,8.4429,21.9136,-3.1479,1787408224.244
green,8.4281,21.9122,-3.1479,1787408224.345
green,8.4132,21.9109,-3.1479,1787408224.445
green,8.3983,21.9097,-3.1479,1787408224.545
bin,7.5933,21.9535,-3.1479,1787408224.573
green,8.3833,21.9087,-3.1479,1787408224.645
bin,7.5903,21.9534,-3.1479,1787408224.674
green,8.3690,21.9077,-3.1479,1787408224.744
bin,7.5877,21.9495,-3.1479,1787408224.773
green,8.3547,21.9068,-3.1478,1787408224.845
bin,7.5836,21.9464,-3.1474,1787408224.873
green,8.3432,21.9061,-3.1457,1787408224.945
bin,7.5790,21.9439,-3.1450,1787408224.974
green,8.3339,21.9074,-3.1425,1787408225.045
bin,7.5753,21.9461,-3.1411,1787408225.074
green,8.3265,21.9088,-3.1379,1787408225.148
bin,7.5714,21.9479,-3.1360,1787408225.174
green,8.3206,21.9103,-3.1322,1787408225.245
bin,7.5677,21.9490,-3.1303,1787408225.273
green,8.3158,21.9119,-3.1257,1787408225.346
bin,7.5634,21.9499,-3.1237,1787408225.373
green,8.3119,21.9139,-3.1184,1787408225.444
bin,7.5592,21.9505,-3.1165,1787408225.473
green,8.3088,21.9160,-3.1107,1787408225.544
bin,7.5545,21.9510,-3.1087,1787408225.574
green,8.3063,21.9184,-3.1024,1787408225.644
bin,7.5502,21.9516,-3.1005,1787408225.673
green,8.3042,21.9207,-3.0943,1787408225.744
bin,7.5455,21.9521,-3.0919,1787408225.773
green,8.3026,21.9230,-3.0857,1787408225.845
bin,7.5409,21.9527,-3.0830,1787408225.873
green,8.3013,21.9253,-3.0769,1787408225.945
bin,7.5360,21.9532,-3.0739,1787408225.973
green,8.3002,21.9279,-3.0678,1787408226.044
bin,7.5315,21.9539,-3.0647,1787408226.073
green,8.2992,21.9304,-3.0586,1787408226.144
bin,7.5269,21.9545,-3.0556,1787408226.174
green,8.2985,21.9325,-3.0492,1787408226.246
bin,7.5219,21.9551,-3.0464,1787408226.274
green,8.2979,21.9350,-3.0401,1787408226.344
bin,7.5182,21.9561,-3.0371,1787408226.374
green,8.2974,21.9374,-3.0308,1787408226.445
bin,7.5144,21.9569,-3.0282,1787408226.473
green,8.2970,21.9397,-3.0232,1787408226.544
bin,7.5116,21.9584,-3.0212,1787408226.574
green,8.2956,21.9426,-3.0171,1787408226.645
bin,7.5085,21.9604,-3.0155,1787408226.673
green,8.2934,21.9466,-3.0123,1787408226.744
bin,7.5056,21.9647,-3.0110,1787408226.773
green,8.2906,21.9507,-3.0084,1787408226.846
bin,7.5022,21.9692,-3.0074,1787408226.873
green,8.2873,21.9558,-3.0053,1787408226.944
bin,7.4985,21.9737,-3.0045,1787408226.975
green,8.2836,21.9612,-3.0028,1787408227.045
bin,7.4952,21.9806,-3.0021,1787408227.073
green,8.2796,21.9669,-3.0008,1787408227.144
bin,7.4916,21.9871,-3.0003,1787408227.174
green,8.2753,21.9728,-2.9992,1787408227.245
bin,7.4877,21.9933,-2.9988,1787408227.273
green,8.2708,21.9793,-2.9980,1787408227.345
bin,7.4843,22.0018,-2.9976,1787408227.374
green,8.2662,21.9858,-2.9970,1787408227.444
bin,7.4805,22.0095,-2.9967,1787408227.473
green,8.2616,21.9922,-2.9961,1787408227.545
bin,7.4773,22.0200,-2.9959,1787408227.574
green,8.2568,21.9987,-2.9955,1787408227.645
bin,7.4737,22.0293,-2.9953,1787408227.673
green,8.2520,22.0056,-2.9950,1787408227.745
bin,7.4706,22.0403,-2.9948,1787408227.774
green,8.2471,22.0121,-2.9946,1787408227.845
bin,7.4670,22.0501,-2.9944,1787408227.874
green,8.2420,22.0190,-2.9942,1787408227.945
bin,7.4633,22.0586,-2.9941,1787408227.974
green,8.2369,22.0259,-2.9940,1787408228.046
bin,7.4602,22.0684,-2.9939,1787408228.074
green,8.2318,22.0328,-2.9937,1787408228.145
bin,7.4567,22.0772,-2.9937,1787408228.173
green,8.2267,22.0397,-2.9936,1787408228.244
bin,7.4528,22.0851,-2.9935,1787408228.275
green,8.2217,22.0467,-2.9934,1787408228.345
bin,7.4492,22.0951,-2.9934,1787408228.373
green,8.2166,22.0537,-2.9933,1787408228.444
bin,7.4454,22.1038,-2.9933,1787408228.474
green,8.2115,22.0602,-2.9932,1787408228.545
bin,7.4420,22.1143,-2.9932,1787408228.573
green,8.2063,22.0672,-2.9932,1787408228.644
bin,7.4382,22.1236,-2.9931,1787408228.674
green,8.2014,22.0740,-2.9931,1787408228.744
bin,7.4341,22.1320,-2.9931,1787408228.773
green,8.1963,22.0807,-2.9931,1787408228.845
bin,7.4313,22.1399,-2.9931,1787408228.874
green,8.1912,22.0875,-2.9930,1787408228.944
bin,7.4281,22.1472,-2.9930,1787408228.975
green,8.1863,22.0941,-2.9930,1787408229.045
bin,7.4251,22.1550,-2.9930,1787408229.073
green,8.1813,22.1011,-2.9930,1787408229.144
bin,7.4217,22.1622,-2.9930,1787408229.175
green,8.1762,22.1080,-2.9930,1787408229.245
bin,7.4182,22.1707,-2.9930,1787408229.273
green,8.1711,22.1150,-2.9929,1787408229.344
bin,7.4145,22.1783,-2.9929,1787408229.374
green,8.1659,22.1222,-2.9929,1787408229.445
bin,7.4113,22.1882,-2.9929,1787408229.473
green,8.1607,22.1290,-2.9929,1787408229.544
bin,7.4078,22.1970,-2.9929,1787408229.573
green,8.1555,22.1358,-2.9929,1787408229.645
bin,7.4039,22.2051,-2.9929,1787408229.673
green,8.1503,22.1430,-2.9929,1787408229.744
bin,7.4006,22.2173,-2.9929,1787408229.774
green,8.1450,22.1501,-2.9929,1787408229.845
bin,7.3970,22.2281,-2.9929,1787408229.873
green,8.1397,22.1571,-2.9929,1787408229.944
bin,7.3931,22.2376,-2.9929,1787408229.974
green,8.1344,22.1641,-2.9929,1787408230.045
bin,7.3897,22.2485,-2.9929,1787408230.073
green,8.1291,22.1714,-2.9929,1787408230.144
bin,7.3860,22.2582,-2.9929,1787408230.174
green,8.1241,22.1780,-2.9929,1787408230.246
bin,7.3828,22.2694,-2.9929,1787408230.274
green,8.1189,22.1851,-2.9929,1787408230.345
bin,7.3792,22.2792,-2.9929,1787408230.373
green,8.1138,22.1921,-2.9929,1787408230.446
bin,7.3761,22.2858,-2.9929,1787408230.473
green,8.1088,22.1989,-2.9929,1787408230.544
bin,7.3726,22.2920,-2.9929,1787408230.574
green,8.1037,22.2056,-2.9929,1787408230.644
bin,7.3688,22.2979,-2.9929,1787408230.673
green,8.0986,22.2128,-2.9929,1787408230.745
bin,7.3655,22.3062,-2.9929,1787408230.773
green,8.0934,22.2199,-2.9929,1787408230.846
bin,7.3619,22.3139,-2.9929,1787408230.873
green,8.0882,22.2269,-2.9929,1787408230.945
bin,7.3585,22.3223,-2.9929,1787408230.973
green,8.0830,22.2339,-2.9929,1787408231.044
bin,7.3547,22.3300,-2.9929,1787408231.073
green,8.0778,22.2412,-2.9929,1787408231.145
bin,7.3516,22.3386,-2.9929,1787408231.173
green,8.0725,22.2480,-2.9929,1787408231.244
bin,7.3480,22.3464,-2.9929,1787408231.273
green,8.0673,22.2552,-2.9929,1787408231.344
bin,7.3441,22.3537,-2.9929,1787408231.373
green,8.0620,22.2623,-2.9929,1787408231.444
bin,7.3413,22.3596,-2.9929,1787408231.473
green,8.0567,22.2694,-2.9929,1787408231.545
bin,7.3380,22.3652,-2.9929,1787408231.573
green,8.0514,22.2763,-2.9929,1787408231.645
bin,7.3343,22.3707,-2.9929,1787408231.673
green,8.0463,22.2835,-2.9929,1787408231.745
bin,7.3312,22.3762,-2.9929,1787408231.773
green,8.0412,22.2906,-2.9929,1787408231.844
bin,7.3277,22.3815,-2.9929,1787408231.874
green,8.0360,22.2976,-2.9929,1787408231.944
bin,7.3246,22.3895,-2.9929,1787408231.973
green,8.0308,22.3046,-2.9929,1787408232.044
bin,7.3213,22.3966,-2.9929,1787408232.074
green,8.0255,22.3119,-2.9929,1787408232.145
bin,7.3181,22.4075,-2.9929,1787408232.173
green,8.0203,22.3187,-2.9929,1787408232.244
bin,7.3144,22.4171,-2.9929,1787408232.274
green,8.0151,22.3255,-2.9929,1787408232.345
bin,7.3109,22.4324,-2.9929,1787408232.373
green,8.0098,22.3327,-2.9929,1787408232.445
bin,7.3069,22.4456,-2.9929,1787408232.473
green,8.0045,22.3398,-2.9929,1787408232.546
bin,7.3034,22.4612,-2.9929,1787408232.574
green,7.9994,22.3466,-2.9929,1787408232.644
bin,7.2995,22.4747,-2.9929,1787408232.673
green,7.9943,22.3535,-2.9929,1787408232.745
bin,7.2960,22.4878,-2.9929,1787408232.773
green,7.9891,22.3607,-2.9929,1787408232.844
bin,7.2921,22.4992,-2.9929,1787408232.874
green,7.9839,22.3674,-2.9929,1787408232.944
bin,7.2886,22.5105,-2.9929,1787408232.973
green,7.9787,22.3746,-2.9929,1787408233.044
bin,7.2847,22.5205,-2.9929,1787408233.074
green,7.9734,22.3816,-2.9929,1787408233.146
bin,7.2808,22.5292,-2.9929,1787408233.173
green,7.9682,22.3886,-2.9929,1787408233.244
bin,7.2776,22.5388,-2.9929,1787408233.274
green,7.9629,22.3956,-2.9929,1787408233.345
bin,7.2739,22.5474,-2.9929,1787408233.373
green,7.9576,22.4029,-2.9929,1787408233.444
bin,7.2706,22.5559,-2.9929,1787408233.474
green,7.9523,22.4101,-2.9929,1787408233.545
bin,7.2669,22.5637,-2.9929,1787408233.573
green,7.9472,22.4170,-2.9929,1787408233.644
bin,7.2629,22.5708,-2.9929,1787408233.674
green,7.9421,22.4239,-2.9929,1787408233.745
bin,7.2597,22.5785,-2.9929,1787408233.773
green,7.9369,22.4312,-2.9929,1787408233.844
bin,7.2560,22.5856,-2.9929,1787408233.873
green,7.9317,22.4380,-2.9929,1787408233.944
bin,7.2534,22.5934,-2.9929,1787408233.973
green,7.9265,22.4451,-2.9929,1787408234.044
bin,7.2503,22.6006,-2.9929,1787408234.074
green,7.9213,22.4522,-2.9929,1787408234.145
bin,7.2470,22.6071,-2.9929,1787408234.173
green,7.9160,22.4592,-2.9929,1787408234.244
bin,7.2440,22.6139,-2.9929,1787408234.273
green,7.9107,22.4662,-2.9929,1787408234.346
bin,7.2406,22.6203,-2.9929,1787408234.373
green,7.9054,22.4735,-2.9929,1787408234.444
bin,7.2368,22.6264,-2.9929,1787408234.474
green,7.9002,22.4803,-2.9929,1787408234.545
bin,7.2336,22.6331,-2.9929,1787408234.573
green,7.8949,22.4876,-2.9929,1787408234.644
bin,7.2299,22.6395,-2.9929,1787408234.674
green,7.8896,22.4947,-2.9929,1787408234.745
bin,7.2268,22.6461,-2.9929,1787408234.773
green,7.8842,22.5017,-2.9929,1787408234.844
bin,7.2232,22.6524,-2.9929,1787408234.874
green,7.8789,22.5087,-2.9929,1787408234.945
bin,7.2200,22.6592,-2.9929,1787408234.973
green,7.8738,22.5155,-2.9929,1787408235.046
bin,7.2164,22.6656,-2.9929,1787408235.074
green,7.8687,22.5226,-2.9929,1787408235.145
bin,7.2131,22.6728,-2.9929,1787408235.173
green,7.8635,22.5297,-2.9929,1787408235.244
bin,7.2094,22.6795,-2.9929,1787408235.273
green,7.8583,22.5367,-2.9929,1787408235.345
bin,7.2060,22.6864,-2.9929,1787408235.373
green,7.8530,22.5441,-2.9929,1787408235.444
bin,7.2025,22.6926,-2.9929,1787408235.473
green,7.8478,22.5509,-2.9929,1787408235.544
bin,7.1993,22.6993,-2.9929,1787408235.574
green,7.8425,22.5582,-2.9929,1787408235.645
bin,7.1957,22.7056,-2.9929,1787408235.673
green,7.8373,22.5653,-2.9929,1787408235.745
bin,7.1924,22.7130,-2.9929,1787408235.773
green,7.8320,22.5723,-2.9929,1787408235.845
bin,7.1886,22.7199,-2.9929,1787408235.873
green,7.8267,22.5794,-2.9929,1787408235.945
bin,7.1846,22.7263,-2.9929,1787408235.974
green,7.8216,22.5865,-2.9929,1787408236.044
bin,7.1811,22.7332,-2.9929,1787408236.073
green,7.8164,22.5936,-2.9929,1787408236.144
bin,7.1773,22.7397,-2.9929,1787408236.174
green,7.8113,22.6002,-2.9929,1787408236.246
bin,7.1741,22.7466,-2.9929,1787408236.274
green,7.8061,22.6073,-2.9929,1787408236.345
bin,7.1705,22.7531,-2.9929,1787408236.373
green,7.8008,22.6143,-2.9929,1787408236.445
bin,7.1679,22.7601,-2.9929,1787408236.473
green,7.7958,22.6210,-2.9929,1787408236.545
bin,7.1647,22.7666,-2.9929,1787408236.575
green,7.7907,22.6278,-2.9929,1787408236.645
bin,7.1612,22.7728,-2.9929,1787408236.673
green,7.7856,22.6349,-2.9929,1787408236.744
bin,7.1581,22.7793,-2.9929,1787408236.774
green,7.7804,22.6420,-2.9929,1787408236.846
bin,7.1548,22.7852,-2.9929,1787408236.873
green,7.7752,22.6490,-2.9929,1787408236.944
bin,7.1519,22.7922,-2.9929,1787408236.973
green,7.7700,22.6560,-2.9929,1787408237.046
bin,7.1485,22.7987,-2.9929,1787408237.073
green,7.7647,22.6633,-2.9929,1787408237.144
bin,7.1460,22.8056,-2.9929,1787408237.173
green,7.7594,22.6701,-2.9929,1787408237.245
bin,7.1429,22.8121,-2.9929,1787408237.273
green,7.7542,22.6773,-2.9929,1787408237.344
bin,7.1394,22.8182,-2.9929,1787408237.373
green,7.7489,22.6845,-2.9929,1787408237.445
bin,7.1359,22.8247,-2.9929,1787408237.473
green,7.7436,22.6915,-2.9929,1787408237.545
bin,7.1320,22.8308,-2.9929,1787408237.573
green,7.7385,22.6983,-2.9929,1787408237.644
bin,7.1283,22.8375,-2.9929,1787408237.673
green,7.7334,22.7055,-2.9929,1787408237.744
bin,7.1244,22.8438,-2.9929,1787408237.773
green,7.7282,22.7126,-2.9929,1787408237.847
bin,7.1209,22.8504,-2.9929,1787408237.873
green,7.7230,22.7196,-2.9929,1787408237.944
bin,7.1171,22.8566,-2.9929,1787408237.973
green,7.7178,22.7266,-2.9929,1787408238.044
bin,7.1137,22.8631,-2.9929,1787408238.073
green,7.7125,22.7340,-2.9929,1787408238.144
bin,7.1100,22.8692,-2.9929,1787408238.173
green,7.7072,22.7408,-2.9929,1787408238.245
bin,7.1064,22.8761,-2.9929,1787408238.273
green,7.7020,22.7480,-2.9929,1787408238.344
bin,7.1024,22.8826,-2.9929,1787408238.374
green,7.6967,22.7551,-2.9929,1787408238.445
bin,7.0984,22.8885,-2.9929,1787408238.474
green,7.6914,22.7622,-2.9929,1787408238.544
bin,7.0951,22.8952,-2.9929,1787408238.573
green,7.6861,22.7692,-2.9929,1787408238.645
bin,7.0914,22.9015,-2.9929,1787408238.673
green,7.6808,22.7765,-2.9929,1787408238.744
bin,7.0887,22.9085,-2.9929,1787408238.774
green,7.6755,22.7837,-2.9929,1787408238.845
bin,7.0855,22.9151,-2.9929,1787408238.873
green,7.6702,22.7909,-2.9929,1787408238.944
bin,7.0820,22.9213,-2.9929,1787408238.973
green,7.6648,22.7979,-2.9929,1787408239.045
bin,7.0791,22.9283,-2.9929,1787408239.074
green,7.6595,22.8053,-2.9929,1787408239.144
bin,7.0759,22.9348,-2.9929,1787408239.173
green,7.6542,22.8122,-2.9929,1787408239.244
bin,7.0732,22.9416,-2.9929,1787408239.273
green,7.6489,22.8195,-2.9929,1787408239.345
bin,7.0700,22.9479,-2.9929,1787408239.373
green,7.6436,22.8266,-2.9929,1787408239.446
bin,7.0664,22.9540,-2.9929,1787408239.473
green,7.6383,22.8337,-2.9929,1787408239.545
bin,7.0636,22.9607,-2.9929,1787408239.573
green,7.6329,22.8407,-2.9929,1787408239.645
bin,7.0604,22.9670,-2.9929,1787408239.674
green,7.6278,22.8479,-2.9929,1787408239.744
bin,7.0578,22.9742,-2.9929,1787408239.773
green,7.6227,22.8550,-2.9929,1787408239.846
bin,7.0547,22.9809,-2.9929,1787408239.873
green,7.6175,22.8620,-2.9929,1787408239.945
bin,7.0528,22.9882,-2.9929,1787408239.973
green,7.6123,22.8690,-2.9929,1787408240.044
bin,7.0501,22.9949,-2.9929,1787408240.073
green,7.6070,22.8763,-2.9929,1787408240.145
bin,7.0486,23.0022,-2.9929,1787408240.173
green,7.6018,22.8831,-2.9929,1787408240.245
bin,7.0464,23.0089,-2.9929,1787408240.273
green,7.5965,22.8903,-2.9929,1787408240.344
bin,7.0435,23.0152,-2.9929,1787408240.373
green,7.5912,22.8975,-2.9929,1787408240.446
bin,7.0453,23.0222,-2.9929,1787408240.474
green,7.5859,22.9045,-2.9929,1787408240.544
bin,7.0456,23.0287,-2.9929,1787408240.573
green,7.5806,22.9115,-2.9929,1787408240.645
bin,7.0449,23.0349,-2.9929,1787408240.674
green,7.5753,22.9188,-2.9929,1787408240.744
bin,7.0460,23.0414,-2.9929,1787408240.775
green,7.5700,22.9261,-2.9929,1787408240.845
bin,7.0459,23.0475,-2.9929,1787408240.873
bin,7.0403,23.0583,-2.9929,1787408241.568
green,7.5603,22.9372,-2.9929,1787408241.568
bin,7.0356,23.0671,-2.9929,1787408241.569
green,7.5523,22.9467,-2.9929,1787408241.569
bin,7.0326,23.0745,-2.9929,1787408241.569
green,7.5457,22.9553,-2.9929,1787408241.569
bin,7.0300,23.0806,-2.9929,1787408241.570
green,7.5402,22.9624,-2.9929,1787408241.570
bin,7.0333,23.0873,-2.9929,1787408241.570
green,7.5355,22.9690,-2.9929,1787408241.570
bin,7.0358,23.0929,-2.9929,1787408241.571
green,7.5316,22.9749,-2.9929,1787408241.571
green,7.5282,22.9802,-2.9929,1787408241.571
bin,7.0367,23.0983,-2.9929,1787408241.574
green,7.5240,22.9862,-2.9929,1787408241.644
bin,7.0414,23.1050,-2.9929,1787408241.674
green,7.5196,22.9924,-2.9929,1787408241.745
bin,7.0441,23.1112,-2.9929,1787408241.773
green,7.5150,22.9990,-2.9929,1787408241.844
bin,7.0452,23.1172,-2.9929,1787408241.873
green,7.5103,23.0053,-2.9929,1787408241.946
bin,7.0477,23.1238,-2.9929,1787408241.973
green,7.5054,23.0121,-2.9929,1787408242.045
bin,7.0487,23.1300,-2.9929,1787408242.073
green,7.5007,23.0187,-2.9929,1787408242.147
bin,7.0509,23.1370,-2.9929,1787408242.173
green,7.4958,23.0253,-2.9929,1787408242.244
bin,7.0517,23.1435,-2.9929,1787408242.274
green,7.4909,23.0319,-2.9929,1787408242.346
bin,7.0531,23.1505,-2.9929,1787408242.374
green,7.4858,23.0390,-2.9929,1787408242.444
bin,7.0532,23.1570,-2.9929,1787408242.473
green,7.4807,23.0460,-2.9929,1787408242.546
bin,7.0563,23.1639,-2.9929,1787408242.573
green,7.4756,23.0530,-2.9929,1787408242.644
bin,7.0578,23.1704,-2.9929,1787408242.673
green,7.4704,23.0599,-2.9929,1787408242.745
bin,7.0581,23.1764,-2.9929,1787408242.773
green,7.4652,23.0672,-2.9929,1787408242.845
bin,7.0592,23.1829,-2.9929,1787408242.874
green,7.4600,23.0740,-2.9929,1787408242.946
bin,7.0590,23.1891,-2.9929,1787408242.973
green,7.4548,23.0812,-2.9929,1787408243.046
bin,7.0607,23.1962,-2.9929,1787408243.074
green,7.4495,23.0883,-2.9929,1787408243.145
bin,7.0610,23.2027,-2.9929,1787408243.173
green,7.4442,23.0953,-2.9929,1787408243.244
bin,7.0660,23.2098,-2.9929,1787408243.274
green,7.4389,23.1023,-2.9929,1787408243.347
bin,7.0690,23.2165,-2.9929,1787408243.373
green,7.4338,23.1094,-2.9929,1787408243.445
bin,7.0704,23.2227,-2.9929,1787408243.473
green,7.4287,23.1161,-2.9929,1787408243.545
bin,7.0723,23.2302,-2.9929,1787408243.573
green,7.4236,23.1232,-2.9929,1787408243.645
bin,7.0727,23.2371,-2.9929,1787408243.674
green,7.4184,23.1302,-2.9929,1787408243.745
bin,7.0737,23.2440,-2.9929,1787408243.774
green,7.4131,23.1372,-2.9929,1787408243.844
bin,7.0735,23.2505,-2.9929,1787408243.874
green,7.4079,23.1441,-2.9929,1787408243.945
bin,7.0751,23.2576,-2.9929,1787408243.973
green,7.4026,23.1514,-2.9929,1787408244.044
bin,7.0754,23.2642,-2.9929,1787408244.074
green,7.3973,23.1586,-2.9929,1787408244.144
bin,7.0745,23.2704,-2.9929,1787408244.173
green,7.3921,23.1657,-2.9929,1787408244.244
bin,7.0752,23.2777,-2.9929,1787408244.274
green,7.3868,23.1727,-2.9929,1787408244.345
bin,7.0748,23.2844,-2.9929,1787408244.373
green,7.3815,23.1801,-2.9929,1787408244.445
bin,7.0768,23.2916,-2.9929,1787408244.474
green,7.3762,23.1870,-2.9929,1787408244.545
bin,7.0774,23.2983,-2.9929,1787408244.573
green,7.3709,23.1942,-2.9929,1787408244.644
bin,7.0768,23.3046,-2.9929,1787408244.674
green,7.3656,23.2014,-2.9929,1787408244.744
bin,7.0778,23.3118,-2.9929,1787408244.773
green,7.3605,23.2082,-2.9929,1787408244.844
bin,7.0775,23.3185,-2.9929,1787408244.874
green,7.3553,23.2151,-2.9929,1787408244.945
bin,7.0787,23.3255,-2.9929,1787408244.973
green,7.3501,23.2223,-2.9929,1787408245.044
bin,7.0787,23.3321,-2.9929,1787408245.075
green,7.3449,23.2291,-2.9929,1787408245.145
bin,7.0776,23.3383,-2.9929,1787408245.173
green,7.3397,23.2362,-2.9929,1787408245.244
bin,7.0789,23.3452,-2.9929,1787408245.273
green,7.3344,23.2433,-2.9929,1787408245.345
bin,7.0788,23.3516,-2.9929,1787408245.374
green,7.3291,23.2507,-2.9929,1787408245.444
bin,7.0799,23.3591,-2.9929,1787408245.475
green,7.3239,23.2576,-2.9929,1787408245.545
bin,7.0798,23.3658,-2.9929,1787408245.573
green,7.3186,23.2648,-2.9929,1787408245.644
bin,7.0809,23.3726,-2.9929,1787408245.673
green,7.3133,23.2720,-2.9929,1787408245.745
bin,7.0807,23.3790,-2.9929,1787408245.773
green,7.3080,23.2795,-2.9929,1787408245.844
bin,7.0797,23.3855,-2.9929,1787408245.874
green,7.3027,23.2864,-2.9929,1787408245.945
bin,7.0779,23.3917,-2.9929,1787408245.973
green,7.2974,23.2937,-2.9929,1787408246.044
bin,7.0759,23.3989,-2.9929,1787408246.074
green,7.2920,23.3009,-2.9929,1787408246.145
bin,7.0733,23.4055,-2.9929,1787408246.174
green,7.2867,23.3084,-2.9929,1787408246.244
bin,7.0701,23.4118,-2.9929,1787408246.273
green,7.2816,23.3152,-2.9929,1787408246.345
bin,7.0669,23.4185,-2.9929,1787408246.373
green,7.2765,23.3224,-2.9929,1787408246.445
bin,7.0634,23.4248,-2.9929,1787408246.473
green,7.2713,23.3294,-2.9929,1787408246.544
bin,7.0547,23.4314,-2.9929,1787408246.574
green,7.2684,23.3370,-2.9929,1787408246.644
bin,7.0468,23.4377,-2.9929,1787408246.673
green,7.2655,23.3440,-2.9929,1787408246.745
green,7.2625,23.3513,-2.9929,1787408246.844
green,7.2594,23.3586,-2.9929,1787408246.945
green,7.2563,23.3658,-2.9929,1787408247.044
green,7.2536,23.3729,-2.9929,1787408247.145
green,7.2507,23.3800,-2.9929,1787408247.245
green,7.2481,23.3874,-2.9929,1787408247.344
green,7.2454,23.3952,-2.9929,1787408247.444
green,7.2425,23.4023,-2.9929,1787408247.544
green,7.2400,23.4098,-2.9929,1787408247.645
green,7.2375,23.4170,-2.9929,1787408247.744
green,7.2348,23.4242,-2.9929,1787408247.845
green,7.2320,23.4312,-2.9929,1787408247.944
green,7.2291,23.4382,-2.9929,1787408248.046
green,7.2265,23.4457,-2.9929,1787408248.144
green,7.2242,23.4534,-2.9929,1787408248.244
green,7.2217,23.4605,-2.9929,1787408248.345
green,7.2188,23.4674,-2.9929,1787408248.445
green,7.2162,23.4747,-2.9929,1787408248.544
green,7.2135,23.4819,-2.9929,1787408248.645
green,7.2110,23.4890,-2.9929,1787408248.744
green,7.2075,23.4962,-2.9929,1787408248.848
green,7.2009,23.5006,-2.9929,1787408248.944
green,7.1934,23.5043,-2.9929,1787408249.046
green,7.1836,23.5061,-2.9929,1787408249.144
green,7.1734,23.5074,-2.9929,1787408249.245
green,7.1621,23.5072,-2.9929,1787408249.344
green,7.1504,23.5070,-2.9929,1787408249.444
green,7.1406,23.5061,-2.9929,1787408249.545
green,7.1323,23.5056,-2.9929,1787408249.645
green,7.1251,23.5054,-2.9929,1787408249.744
green,7.1188,23.5059,-2.9929,1787408249.845
green,7.1134,23.5065,-2.9929,1787408249.944
green,7.1085,23.5080,-2.9929,1787408250.046
green,7.1041,23.5098,-2.9929,1787408250.145
green,7.1002,23.5118,-2.9929,1787408250.244
green,7.0967,23.5144,-2.9929,1787408250.344
green,7.0934,23.5174,-2.9929,1787408250.445
green,7.0904,23.5206,-2.9929,1787408250.544
green,7.0876,23.5242,-2.9929,1787408250.644
green,7.0850,23.5280,-2.9929,1787408250.747
green,7.0826,23.5316,-2.9929,1787408250.847
green,7.0803,23.5359,-2.9929,1787408250.944
green,7.0779,23.5406,-2.9929,1787408251.045
green,7.0756,23.5454,-2.9929,1787408251.145
green,7.0735,23.5501,-2.9929,1787408251.244
green,7.0713,23.5553,-2.9929,1787408251.344
green,7.0690,23.5608,-2.9929,1787408251.446
green,7.0668,23.5665,-2.9929,1787408251.544
green,7.0646,23.5724,-2.9929,1787408251.645
green,7.0624,23.5785,-2.9929,1787408251.744
green,7.0602,23.5847,-2.9929,1787408251.845
green,7.0580,23.5910,-2.9929,1787408251.944
green,7.0559,23.5970,-2.9929,1787408252.046
green,7.0537,23.6033,-2.9929,1787408252.144
green,7.0516,23.6098,-2.9929,1787408252.245
green,7.0495,23.6162,-2.9929,1787408252.344
green,7.0473,23.6227,-2.9929,1787408252.445
green,7.0452,23.6293,-2.9929,1787408252.544
green,7.0431,23.6359,-2.9929,1787408252.645
green,7.0410,23.6425,-2.9929,1787408252.744
green,7.0388,23.6491,-2.9929,1787408252.845
green,7.0366,23.6561,-2.9929,1787408252.944
green,7.0345,23.6627,-2.9929,1787408253.046
green,7.0324,23.6697,-2.9929,1787408253.144
green,7.0302,23.6766,-2.9929,1787408253.245
green,7.0280,23.6835,-2.9929,1787408253.344
green,7.0259,23.6903,-2.9929,1787408253.444
green,7.0237,23.6975,-2.9929,1787408253.544
green,7.0215,23.7046,-2.9929,1787408253.645
green,7.0193,23.7116,-2.9929,1787408253.744
green,7.0172,23.7185,-2.9929,1787408253.846
green,7.0154,23.7244,-2.9929,1787408253.944
green,7.0139,23.7291,-2.9929,1787408254.045
green,7.0128,23.7328,-2.9929,1787408254.144
green,7.0118,23.7358,-2.9929,1787408254.245
green,7.0111,23.7383,-2.9929,1787408254.345
green,7.0105,23.7402,-2.9929,1787408254.446
green,7.0100,23.7417,-2.9929,1787408254.544
green,7.0097,23.7430,-2.9929,1787408254.644
green,7.0093,23.7439,-2.9929,1787408254.744
green,7.0091,23.7447,-2.9929,1787408254.845
green,7.0089,23.7454,-2.9929,1787408254.944
green,7.0088,23.7459,-2.9929,1787408255.045
green,7.0086,23.7463,-2.9929,1787408255.144
green,7.0085,23.7466,-2.9929,1787408255.245
green,7.0085,23.7469,-2.9929,1787408255.344
green,7.0084,23.7471,-2.9929,1787408255.445
green,7.0083,23.7472,-2.9929,1787408255.544
green,7.0083,23.7474,-2.9929,1787408255.645
green,7.0083,23.7475,-2.9929,1787408255.744
green,7.0082,23.7476,-2.9929,1787408255.845
green,7.0082,23.7476,-2.9929,1787408255.944
green,7.0082,23.7477,-2.9929,1787408256.044
green,7.0082,23.7477,-2.9929,1787408256.144
green,7.0082,23.7478,-2.9929,1787408256.244
green,7.0082,23.7478,-2.9929,1787408256.344
green,7.0082,23.7478,-2.9929,1787408256.444
green,7.0082,23.7478,-2.9929,1787408256.544
green,7.0082,23.7478,-2.9929,1787408256.645
green,7.0081,23.7478,-2.9929,1787408256.744
green,7.0081,23.7479,-2.9929,1787408256.845
green,7.0081,23.7479,-2.9929,1787408256.944
green,7.0081,23.7479,-2.9929,1787408257.045
green,7.0081,23.7479,-2.9929,1787408257.145
green,7.0081,23.7479,-2.9929,1787408257.244
green,7.0081,23.7479,-2.9929,1787408257.344
green,7.0081,23.7479,-2.9929,1787408257.445
green,7.0081,23.7479,-2.9929,1787408257.544
green,7.0081,23.7479,-2.9929,1787408257.644
green,7.0081,23.7479,-2.9929,1787408257.744
green,7.0081,23.7479,-2.9929,1787408257.844
green,7.0081,23.7479,-2.9929,1787408257.944
green,7.0081,23.7479,-2.9929,1787408258.045
green,7.0081,23.7479,-2.9929,1787408258.144
green,7.0081,23.7479,-2.9929,1787408258.245
green,7.0081,23.7479,-2.9929,1787408258.345
green,7.0081,23.7479,-2.9929,1787408258.445
green,7.0081,23.7479,-2.9929,1787408258.544
green,7.0081,23.7479,-2.9929,1787408258.644
green,7.0081,23.7479,-2.9929,1787408258.745
green,7.0081,23.7479,-2.9929,1787408258.845
green,7.0081,23.7479,-2.9929,1787408258.944
green,7.0081,23.7479,-2.9929,1787408259.045
green,7.0081,23.7479,-2.9929,1787408259.144
green,7.0081,23.7479,-2.9929,1787408259.244
green,7.0081,23.7479,-2.9929,1787408259.344
green,7.0081,23.7479,-2.9929,1787408259.444
green,7.0081,23.7479,-2.9929,1787408259.545
green,7.0081,23.7479,-2.9929,1787408259.644
green,7.0081,23.7479,-2.9929,1787408259.746
green,7.0081,23.7479,-2.9929,1787408259.844
green,7.0081,23.7479,-2.9929,1787408259.944
green,7.0081,23.7479,-2.9929,1787408260.045
green,7.0081,23.7479,-2.9929,1787408260.145
green,7.0081,23.7479,-2.9929,1787408260.244
green,7.0081,23.7479,-2.9929,1787408260.344
green,7.0081,23.7479,-2.9929,1787408260.444
green,7.0081,23.7479,-2.9929,1787408260.545
green,7.0081,23.7479,-2.9929,1787408260.644
green,7.0081,23.7479,-2.9929,1787408260.745
green,7.0081,23.7479,-2.9929,1787408260.844
green,7.0081,23.7479,-2.9929,1787408260.945
green,7.0081,23.7479,-2.9929,1787408261.044
green,7.0081,23.7479,-2.9929,1787408261.147
green,7.0081,23.7479,-2.9929,1787408261.244
green,7.0081,23.7479,-2.9929,1787408261.346
green,7.0081,23.7479,-2.9929,1787408261.444
green,7.0081,23.7479,-2.9929,1787408261.544
green,7.0081,23.7479,-2.9929,1787408261.645
green,7.0081,23.7479,-2.9929,1787408261.745
green,7.0081,23.7479,-2.9929,1787408261.844
green,7.0081,23.7479,-2.9929,1787408261.944
green,7.0081,23.7479,-2.9929,1787408262.044
green,7.0081,23.7479,-2.9929,1787408262.145
green,7.0081,23.7479,-2.9929,1787408262.244
green,7.0081,23.7479,-2.9929,1787408262.346
green,7.0081,23.7479,-2.9929,1787408262.444
green,7.0081,23.7479,-2.9929,1787408262.546
green,7.0081,23.7479,-2.9929,1787408262.644
green,7.0081,23.7479,-2.9929,1787408262.746
green,7.0081,23.7479,-2.9929,1787408262.844
green,7.0081,23.7479,-2.9929,1787408262.945
green,7.0081,23.7479,-2.9929,1787408263.045
green,7.0081,23.7479,-2.9929,1787408263.145
green,7.0081,23.7479,-2.9929,1787408263.245
green,7.0081,23.7479,-2.9929,1787408263.344
green,7.0081,23.7479,-2.9929,1787408263.445
green,7.0081,23.7479,-2.9929,1787408263.544
green,7.0081,23.7479,-2.9929,1787408263.644
green,7.0081,23.7479,-2.9929,1787408263.745
green,7.0081,23.7479,-2.9929,1787408263.845
green,7.0081,23.7479,-2.9929,1787408263.945
green,7.0081,23.7479,-2.9929,1787408264.045
green,7.0081,23.7479,-2.9929,1787408264.144
green,7.0081,23.7479,-2.9929,1787408264.245
green,7.0081,23.7479,-2.9929,1787408264.344
green,7.0081,23.7479,-2.9929,1787408264.445
green,7.0081,23.7479,-2.9929,1787408264.544
green,7.0081,23.7479,-2.9929,1787408264.646
green,7.0081,23.7479,-2.9929,1787408264.744
green,7.0081,23.7479,-2.9929,1787408264.846
green,7.0081,23.7479,-2.9929,1787408264.944
green,7.0081,23.7479,-2.9929,1787408265.044
green,7.0081,23.7479,-2.9929,1787408265.144
