wall_time,sim_time_sec,mission_state,odom_x,odom_y,odom_yaw_deg,odom_vel_x,odom_vel_yaw,dist_from_start,gate_2d_detected,gate_2d_px_x,gate_2d_px_y,gate_2d_w_px,gate_2d_h_px,gate_2d_conf,gate_3d_x,gate_3d_y,gate_3d_z,gate_3d_age_sec,nav_gate_odom_x,nav_gate_odom_y,nav_approach_yaw_deg,nav_distance_m,nav_bearing_err_deg,nav_commit_ticks,nav_align_ticks,nav_yolo_fresh,nav_yolo_age_sec,nav_source,cmd_linear_x,cmd_angular_z
2026-08-14T00:34:26.835576,1.01,UNKNOWN,-5.0000,-4.0000,154.70,0.0000,0.0000,0.0000,,,,,,,,,,,,,,,,,,,,,,
2026-08-14T00:34:27.835673,2.01,UNKNOWN,-5.0000,-4.0000,154.70,0.0000,0.0000,0.0000,,,,,,,,,,,,,,,,,,,,,,
2026-08-14T00:34:28.550542,2.73,SEARCH,-5.0000,-4.0000,154.70,0.0000,0.0000,0.0000,,,,,,,,,,,,,,,,,,,,,,
2026-08-14T00:34:28.835609,3.01,SEARCH,-5.0000,-4.0000,155.44,0.0000,0.0472,0.0000,,,,,,,,,,,nan,nan,nan,0.0000,0.00,0,0,0,-1.00,0,0.000,0.1500
2026-08-14T00:34:29.835614,4.01,SEARCH,-5.0000,-4.0000,158.08,0.0000,0.0451,0.0000,,,,,,,,,,,nan,nan,nan,0.0000,0.00,0,0,0,-1.00,0,0.000,0.1500
2026-08-14T00:34:30.835678,5.01,SEARCH,-5.0000,-4.0000,160.57,0.0000,0.0434,0.0000,,,,,,,,,,,nan,nan,nan,0.0000,0.00,0,0,0,-1.00,0,0.000,0.1500
2026-08-14T00:34:31.835610,6.01,SEARCH,-5.0000,-4.0000,163.01,0.0000,0.0419,0.0000,0,0.0,0.0,0.0,0.0,0.000,,,,,nan,nan,nan,0.0000,0.00,0,0,0,-1.00,0,0.000,0.1500
2026-08-14T00:34:32.835642,7.01,SEARCH,-5.0000,-4.0000,165.37,0.0000,0.0406,0.0000,0,0.0,0.0,0.0,0.0,0.000,,,,,nan,nan,nan,0.0000,0.00,0,0,0,-1.00,0,0.000,0.1500
2026-08-14T00:34:33.835749,8.01,SEARCH,-5.0000,-4.0000,167.66,0.0000,0.0395,0.0000,0,0.0,0.0,0.0,0.0,0.000,,,,,nan,nan,nan,0.0000,0.00,0,0,0,-1.00,0,0.000,0.1500
2026-08-14T00:34:34.835638,9.01,SEARCH,-5.0000,-4.0000,169.90,0.0000,0.0387,0.0000,0,0.0,0.0,0.0,0.0,0.000,,,,,nan,nan,nan,0.0000,0.00,0,0,0,-1.00,0,0.000,0.1500
2026-08-14T00:34:35.835566,10.01,SEARCH,-5.0000,-4.0000,172.10,0.0000,0.0380,0.0000,0,0.0,0.0,0.0,0.0,0.000,,,,,nan,nan,nan,0.0000,0.00,0,0,0,-1.00,0,0.000,0.1500
2026-08-14T00:34:36.835638,11.01,SEARCH,-5.0000,-4.0000,174.26,0.0000,0.0375,0.0000,0,0.0,0.0,0.0,0.0,0.000,,,,,nan,nan,nan,0.0000,0.00,0,0,0,-1.00,0,0.000,0.1500
2026-08-14T00:34:37.835583,12.01,SEARCH,-5.0000,-4.0000,176.40,0.0000,0.0372,0.0000,0,0.0,0.0,0.0,0.0,0.000,,,,,nan,nan,nan,0.0000,0.00,0,0,0,-1.00,0,0.000,0.1500
2026-08-14T00:34:38.835574,13.01,SEARCH,-5.0000,-4.0000,178.52,0.0000,0.0370,0.0000,0,0.0,0.0,0.0,0.0,0.000,,,,,nan,nan,nan,0.0000,0.00,0,0,0,-1.00,0,0.000,0.1500
2026-08-14T00:34:39.835527,14.01,SEARCH,-5.0000,-4.0000,-179.36,-0.0000,0.0369,0.0000,0,0.0,0.0,0.0,0.0,0.000,,,,,nan,nan,nan,0.0000,0.00,0,0,0,-1.00,0,0.000,0.1500
2026-08-14T00:34:40.835713,15.01,SEARCH,-5.0000,-4.0000,-177.29,-0.0000,0.0371,0.0000,0,0.0,0.0,0.0,0.0,0.000,,,,,nan,nan,nan,0.0000,0.00,0,0,0,-1.00,0,0.000,0.1500
2026-08-14T00:34:41.835641,16.01,SEARCH,-5.0000,-4.0000,-175.16,-0.0000,0.0373,0.0000,0,0.0,0.0,0.0,0.0,0.000,,,,,nan,nan,nan,0.0000,0.00,0,0,0,-1.00,0,0.000,0.1500
2026-08-14T00:34:42.835595,17.01,SEARCH,-5.0000,-4.0000,-173.01,-0.0000,0.0378,0.0000,0,0.0,0.0,0.0,0.0,0.000,,,,,nan,nan,nan,0.0000,0.00,0,0,0,-1.00,0,0.000,0.1500
2026-08-14T00:34:43.835597,18.01,SEARCH,-5.0000,-4.0000,-170.82,-0.0000,0.0384,0.0000,0,0.0,0.0,0.0,0.0,0.000,,,,,nan,nan,nan,0.0000,0.00,0,0,0,-1.00,0,0.000,0.1500
2026-08-14T00:34:44.835607,19.01,SEARCH,-5.0000,-4.0000,-168.60,-0.0000,0.0392,0.0000,0,0.0,0.0,0.0,0.0,0.000,,,,,nan,nan,nan,0.0000,0.00,0,0,0,-1.00,0,0.000,0.1500
2026-08-14T00:34:45.835692,20.01,SEARCH,-5.0000,-4.0000,-166.33,-0.0000,0.0401,0.0000,0,0.0,0.0,0.0,0.0,0.000,,,,,nan,nan,nan,0.0000,0.00,0,0,0,-1.00,0,0.000,0.1500
2026-08-14T00:34:46.835617,21.01,SEARCH,-5.0000,-4.0000,-164.05,-0.0000,0.0413,0.0000,0,0.0,0.0,0.0,0.0,0.000,,,,,nan,nan,nan,0.0000,0.00,0,0,0,-1.00,0,0.000,0.1500
2026-08-14T00:34:47.835646,22.01,SEARCH,-5.0000,-4.0000,-161.65,-0.0000,0.0427,0.0000,0,0.0,0.0,0.0,0.0,0.000,,,,,nan,nan,nan,0.0000,0.00,0,0,0,-1.00,0,0.000,0.1500
2026-08-14T00:34:48.835631,23.01,SEARCH,-5.0000,-4.0000,-159.15,-0.0000,0.0443,0.0000,0,0.0,0.0,0.0,0.0,0.000,,,,,nan,nan,nan,0.0000,0.00,0,0,0,-1.00,0,0.000,0.1500
2026-08-14T00:34:49.835588,24.01,SEARCH,-5.0000,-4.0000,-156.56,-0.0000,0.0462,0.0000,0,0.0,0.0,0.0,0.0,0.000,,,,,nan,nan,nan,0.0000,0.00,0,0,0,-1.00,0,0.000,0.1500
2026-08-14T00:34:50.835758,25.01,SEARCH,-5.0000,-4.0000,-153.85,-0.0000,0.0485,0.0000,0,0.0,0.0,0.0,0.0,0.000,,,,,nan,nan,nan,0.0000,0.00,0,0,0,-1.00,0,0.000,0.1500
2026-08-14T00:34:51.835756,26.01,SEARCH,-5.0000,-4.0000,-151.00,-0.0000,0.0511,0.0000,0,0.0,0.0,0.0,0.0,0.000,,,,,nan,nan,nan,0.0000,0.00,0,0,0,-1.00,0,0.000,0.1500
2026-08-14T00:34:52.835897,27.01,SEARCH,-5.0000,-4.0000,-147.98,-0.0000,0.0541,0.0000,0,0.0,0.0,0.0,0.0,0.000,,,,,nan,nan,nan,0.0000,0.00,0,0,0,-1.00,0,0.000,0.1500
2026-08-14T00:34:53.835550,28.01,SEARCH,-5.0000,-4.0000,-144.88,0.0000,0.0555,0.0000,0,0.0,0.0,0.0,0.0,0.000,,,,,nan,nan,nan,0.0000,0.00,0,0,0,-1.00,0,0.000,0.1500
2026-08-14T00:34:54.835704,29.01,SEARCH,-5.0000,-4.0000,-141.72,0.0000,0.0547,0.0000,0,0.0,0.0,0.0,0.0,0.000,,,,,nan,nan,nan,0.0000,0.00,0,0,0,-1.00,0,0.000,0.1500
2026-08-14T00:34:55.835699,30.01,SEARCH,-5.0000,-4.0000,-138.60,0.0000,0.0542,0.0000,0,0.0,0.0,0.0,0.0,0.000,,,,,nan,nan,nan,0.0000,0.00,0,0,0,-1.00,0,0.000,0.1500
2026-08-14T00:34:56.835697,31.01,SEARCH,-5.0000,-4.0000,-135.50,0.0000,0.0541,0.0000,0,0.0,0.0,0.0,0.0,0.000,,,,,nan,nan,nan,0.0000,0.00,0,0,0,-1.00,0,0.000,0.1500
2026-08-14T00:34:57.835627,32.01,SEARCH,-5.0000,-4.0000,-132.40,-0.0000,0.0542,0.0000,0,0.0,0.0,0.0,0.0,0.000,,,,,nan,nan,nan,0.0000,0.00,0,0,0,-1.00,0,0.000,0.1500
2026-08-14T00:34:58.835795,33.01,SEARCH,-5.0000,-4.0000,-129.29,-0.0000,0.0545,0.0000,0,0.0,0.0,0.0,0.0,0.000,,,,,nan,nan,nan,0.0000,0.00,0,0,0,-1.00,0,0.000,0.1500
2026-08-14T00:34:59.835751,34.01,SEARCH,-5.0000,-4.0000,-126.15,-0.0000,0.0552,0.0000,0,0.0,0.0,0.0,0.0,0.000,,,,,nan,nan,nan,0.0000,0.00,0,0,0,-1.00,0,0.000,0.1500
2026-08-14T00:35:00.835661,35.01,SEARCH,-5.0000,-4.0000,-122.97,0.0000,0.0551,0.0000,0,0.0,0.0,0.0,0.0,0.000,,,,,nan,nan,nan,0.0000,0.00,0,0,0,-1.00,0,0.000,0.1500
2026-08-14T00:35:01.835826,36.01,SEARCH,-5.0000,-4.0000,-119.96,0.0000,0.0521,0.0000,0,0.0,0.0,0.0,0.0,0.000,,,,,nan,nan,nan,0.0000,0.00,0,0,0,-1.00,0,0.000,0.1500
2026-08-14T00:35:02.835651,37.01,SEARCH,-5.0000,-4.0000,-117.06,0.0000,0.0493,0.0000,0,0.0,0.0,0.0,0.0,0.000,,,,,nan,nan,nan,0.0000,0.00,0,0,0,-1.00,0,0.000,0.1500
2026-08-14T00:35:03.835600,38.01,SEARCH,-5.0000,-4.0000,-114.30,0.0000,0.0470,0.0000,0,0.0,0.0,0.0,0.0,0.000,,,,,nan,nan,nan,0.0000,0.00,0,0,0,-1.00,0,0.000,0.1500
2026-08-14T00:35:04.835633,39.01,SEARCH,-5.0000,-4.0000,-111.67,0.0000,0.0449,0.0000,0,0.0,0.0,0.0,0.0,0.000,,,,,nan,nan,nan,0.0000,0.00,0,0,0,-1.00,0,0.000,0.1500
2026-08-14T00:35:05.835618,40.01,SEARCH,-5.0000,-4.0000,-109.15,0.0000,0.0432,0.0000,0,0.0,0.0,0.0,0.0,0.000,,,,,nan,nan,nan,0.0000,0.00,0,0,0,-1.00,0,0.000,0.1500
2026-08-14T00:35:06.835591,41.01,SEARCH,-5.0000,-4.0000,-106.72,0.0000,0.0417,0.0000,0,0.0,0.0,0.0,0.0,0.000,,,,,nan,nan,nan,0.0000,0.00,0,0,0,-1.00,0,0.000,0.1500
2026-08-14T00:35:07.835559,42.01,SEARCH,-5.0000,-4.0000,-104.36,0.0000,0.0405,0.0000,0,0.0,0.0,0.0,0.0,0.000,,,,,nan,nan,nan,0.0000,0.00,0,0,0,-1.00,0,0.000,0.1500
2026-08-14T00:35:08.836284,43.01,SEARCH,-5.0000,-4.0000,-102.12,0.0000,0.0395,0.0000,0,0.0,0.0,0.0,0.0,0.000,,,,,nan,nan,nan,0.0000,0.00,0,0,0,-1.00,0,0.000,0.1500
2026-08-14T00:35:09.835667,44.01,SEARCH,-5.0000,-4.0000,-99.89,0.0000,0.0386,0.0000,0,0.0,0.0,0.0,0.0,0.000,,,,,nan,nan,nan,0.0000,0.00,0,0,0,-1.00,0,0.000,0.1500
2026-08-14T00:35:10.835693,45.01,SEARCH,-5.0000,-4.0000,-97.69,0.0000,0.0380,0.0000,0,0.0,0.0,0.0,0.0,0.000,,,,,nan,nan,nan,0.0000,0.00,0,0,0,-1.00,0,0.000,0.1500
2026-08-14T00:35:11.835638,46.01,SEARCH,-5.0000,-4.0000,-95.54,0.0000,0.0375,0.0000,0,0.0,0.0,0.0,0.0,0.000,,,,,nan,nan,nan,0.0000,0.00,0,0,0,-1.00,0,0.000,0.1500
2026-08-14T00:35:12.835592,47.01,SEARCH,-5.0000,-4.0000,-93.40,0.0000,0.0371,0.0000,0,0.0,0.0,0.0,0.0,0.000,,,,,nan,nan,nan,0.0000,0.00,0,0,0,-1.00,0,0.000,0.1500
