index,x_m,y_m,z_m,yaw_deg,dist_from_prev_m,total_dist_m
1,14.0002,4.2870,-4.2380,89.95,0.0000,0.0000
2,14.0003,4.3910,-4.2380,89.95,0.1039,0.1039
3,14.0004,4.4949,-4.2380,89.95,0.1039,0.2079
4,14.0005,4.5989,-4.2380,89.95,0.1039,0.3118
5,14.0006,4.7028,-4.2380,89.95,0.1039,0.4158
6,14.0006,4.8067,-4.2380,89.95,0.1039,0.5197
7,14.0007,4.9107,-4.2380,89.95,0.1039,0.6236
8,14.0008,5.0146,-4.2380,89.95,0.1039,0.7276
9,14.0064,5.1150,-4.2380,81.47,0.1005,0.8281
10,14.0316,5.2136,-4.2380,69.79,0.1018,0.9299
11,14.0761,5.3052,-4.2380,59.00,0.1018,1.0317
12,14.1322,5.3902,-4.2380,55.14,0.1019,1.1336
13,14.1911,5.4735,-4.2380,54.46,0.1020,1.2356
14,14.2505,5.5563,-4.2380,54.32,0.1020,1.3375
15,14.3100,5.6391,-4.2380,54.29,0.1020,1.4395
16,14.3695,5.7219,-4.2380,54.29,0.1020,1.5415
17,14.4291,5.8047,-4.2380,54.26,0.1020,1.6434
18,14.4886,5.8875,-4.2380,54.31,0.1020,1.7454
19,14.5480,5.9703,-4.2380,54.35,0.1020,1.8473
20,14.6074,6.0531,-4.2380,54.38,0.1020,1.9493
21,14.6668,6.1361,-4.2380,54.43,0.1020,2.0512
22,14.7261,6.2190,-4.2380,54.47,0.1020,2.1532
23,14.7853,6.3020,-4.2380,54.52,0.1020,2.2551
24,14.8444,6.3851,-4.2380,54.58,0.1020,2.3571
25,14.9033,6.4683,-4.2380,54.76,0.1020,2.4591
26,14.9620,6.5517,-4.2380,54.96,0.1020,2.5610
27,15.0205,6.6351,-4.2380,54.86,0.1020,2.6630
28,15.0799,6.7194,-4.2380,54.81,0.1031,2.7661
29,15.1398,6.8043,-4.2380,54.81,0.1039,2.8700
30,15.1997,6.8893,-4.2380,54.81,0.1039,2.9739
31,15.2596,6.9742,-4.2380,54.81,0.1039,3.0779
32,15.3195,7.0592,-4.2380,54.81,0.1039,3.1818
33,15.3794,7.1441,-4.2380,54.81,0.1039,3.2858
34,15.4393,7.2291,-4.2380,54.81,0.1039,3.3897
35,15.4992,7.3140,-4.2380,54.81,0.1039,3.4936
36,15.5591,7.3990,-4.2380,54.81,0.1039,3.5976
37,15.6190,7.4839,-4.2380,54.81,0.1039,3.7015
38,15.6789,7.5688,-4.2380,54.81,0.1039,3.8055
39,15.7388,7.6538,-4.2380,54.81,0.1039,3.9094
40,15.7987,7.7387,-4.2380,54.81,0.1039,4.0133
41,15.8586,7.8237,-4.2380,54.81,0.1039,4.1173
42,15.9185,7.9086,-4.2380,54.81,0.1039,4.2212
43,15.9784,7.9936,-4.2380,54.81,0.1039,4.3252
44,16.0383,8.0785,-4.2380,54.81,0.1039,4.4291
45,16.0982,8.1635,-4.2380,54.81,0.1039,4.5330
46,16.1581,8.2484,-4.2380,54.81,0.1039,4.6370
47,16.2180,8.3334,-4.2380,54.81,0.1039,4.7409
48,16.3401,8.5065,-4.2380,54.81,0.2119,4.9528
49,16.4000,8.5915,-4.2380,54.81,0.1039,5.0567
50,16.4599,8.6764,-4.2380,54.81,0.1039,5.1607
51,16.5198,8.7614,-4.2380,54.81,0.1039,5.2646
52,16.5797,8.8463,-4.2380,54.81,0.1039,5.3686
53,16.6396,8.9313,-4.2380,54.81,0.1039,5.4725
54,16.6995,9.0162,-4.2380,54.81,0.1039,5.5764
55,16.7594,9.1011,-4.2380,54.81,0.1039,5.6804
56,16.8193,9.1861,-4.2380,54.81,0.1039,5.7843
57,16.8792,9.2710,-4.2380,54.81,0.1039,5.8883
58,16.9391,9.3560,-4.2380,54.81,0.1039,5.9922
59,16.9990,9.4409,-4.2380,54.81,0.1039,6.0961
60,17.0589,9.5259,-4.2380,54.81,0.1039,6.2001
61,17.1188,9.6108,-4.2380,54.81,0.1039,6.3040
62,17.1787,9.6958,-4.2380,54.81,0.1039,6.4080
63,17.2386,9.7807,-4.2380,54.81,0.1039,6.5119
64,17.2985,9.8657,-4.2380,54.81,0.1039,6.6158
65,17.3584,9.9506,-4.2380,54.81,0.1039,6.7198
66,17.4183,10.0356,-4.2380,54.81,0.1039,6.8237
67,17.4781,10.1205,-4.2380,54.81,0.1039,6.9277
68,17.5380,10.2054,-4.2380,54.81,0.1039,7.0316
69,17.5979,10.2904,-4.2380,54.81,0.1039,7.1356
70,17.6578,10.3753,-4.2380,54.81,0.1039,7.2395
71,17.7177,10.4603,-4.2380,54.81,0.1039,7.3434
72,17.7776,10.5452,-4.2380,54.81,0.1039,7.4474
73,17.8375,10.6302,-4.2380,54.81,0.1039,7.5513
74,17.8974,10.7151,-4.2380,54.81,0.1039,7.6553
75,17.9573,10.8001,-4.2380,54.81,0.1039,7.7592
76,18.0172,10.8850,-4.2380,54.81,0.1039,7.8631
77,18.0771,10.9700,-4.2380,54.81,0.1039,7.9671
78,18.1370,11.0549,-4.2380,54.81,0.1039,8.0710
79,18.1969,11.1399,-4.2380,54.81,0.1039,8.1750
80,18.2568,11.2248,-4.2380,54.81,0.1039,8.2789
81,18.3167,11.3098,-4.2380,54.81,0.1039,8.3828
82,18.3766,11.3947,-4.2380,54.81,0.1039,8.4868
83,18.4365,11.4796,-4.2380,54.81,0.1039,8.5907
84,18.4964,11.5646,-4.2380,54.81,0.1039,8.6947
85,18.5563,11.6495,-4.2380,54.81,0.1039,8.7986
86,18.6162,11.7345,-4.2380,54.81,0.1039,8.9025
87,18.6761,11.8194,-4.2380,54.81,0.1039,9.0065
88,18.7360,11.9044,-4.2380,54.81,0.1039,9.1104
89,18.7959,11.9893,-4.2380,54.81,0.1039,9.2144
90,18.8558,12.0743,-4.2380,54.81,0.1039,9.3183
91,18.9157,12.1592,-4.2380,54.81,0.1039,9.4222
92,18.9756,12.2442,-4.2380,54.81,0.1039,9.5262
93,19.0355,12.3291,-4.2380,54.81,0.1039,9.6301
94,19.0954,12.4141,-4.2380,54.81,0.1039,9.7341
95,19.1760,12.4743,-4.2380,87.40,0.1007,9.8347
96,19.2778,12.4696,-4.2380,87.38,0.1019,9.9366
97,19.4096,12.4636,-4.2380,87.36,0.1319,10.0686
98,19.5114,12.4589,-4.2380,87.36,0.1019,10.1705
99,19.6133,12.4542,-4.2380,87.36,0.1019,10.2724
100,19.7151,12.4495,-4.2380,87.36,0.1019,10.3743
101,19.8169,12.4448,-4.2380,87.36,0.1019,10.4763
102,19.9187,12.4401,-4.2380,87.36,0.1019,10.5782
103,20.0205,12.4354,-4.2380,87.36,0.1019,10.6801
104,20.1114,12.4784,-4.2380,80.39,0.1005,10.7807
105,20.1975,12.5304,-4.2380,70.39,0.1006,10.8812
106,20.1032,12.5689,-4.2380,77.52,0.1018,10.9831
107,20.0027,12.5853,-4.2380,83.25,0.1019,11.0849
108,19.9012,12.5948,-4.2380,85.67,0.1019,11.1869
109,19.7995,12.6015,-4.2380,86.66,0.1019,11.2888
110,19.6977,12.6070,-4.2380,87.07,0.1019,11.3907
111,19.5959,12.6121,-4.2380,87.24,0.1019,11.4926
112,19.4941,12.6169,-4.2380,87.31,0.1019,11.5946
113,19.3923,12.6216,-4.2380,87.34,0.1019,11.6965
114,19.2905,12.6264,-4.2380,87.35,0.1019,11.7984
115,19.1886,12.6311,-4.2380,87.36,0.1019,11.9004
116,19.0868,12.6358,-4.2380,87.36,0.1019,12.0023
117,18.9850,12.6405,-4.2380,87.36,0.1019,12.1042
118,18.8832,12.6452,-4.2380,87.36,0.1019,12.2062
119,18.7814,12.6499,-4.2380,87.36,0.1019,12.3081
120,18.6795,12.6546,-4.2380,87.36,0.1019,12.4100
121,18.5777,12.6593,-4.2380,87.36,0.1019,12.5119
122,18.4759,12.6639,-4.2380,87.36,0.1019,12.6139
123,18.3741,12.6686,-4.2380,87.36,0.1019,12.7158
124,18.2722,12.6733,-4.2380,87.36,0.1019,12.8177
125,18.1704,12.6780,-4.2380,87.36,0.1019,12.9197
126,18.0686,12.6827,-4.2380,87.36,0.1019,13.0216
127,17.9668,12.6874,-4.2380,87.36,0.1019,13.1235
128,17.8650,12.6921,-4.2380,87.36,0.1019,13.2255
129,17.7631,12.6968,-4.2380,87.36,0.1019,13.3274
130,17.6613,12.7015,-4.2380,87.36,0.1019,13.4293
131,17.5595,12.7062,-4.2380,87.36,0.1019,13.5312
132,17.4577,12.7109,-4.2380,87.36,0.1019,13.6332
133,17.3559,12.7156,-4.2380,87.36,0.1019,13.7351
134,17.2540,12.7203,-4.2380,87.36,0.1019,13.8370
135,17.1522,12.7250,-4.2380,87.36,0.1019,13.9390
136,17.0504,12.7297,-4.2380,87.36,0.1019,14.0409
137,16.9486,12.7344,-4.2380,87.36,0.1019,14.1428
138,16.8467,12.7391,-4.2380,87.36,0.1019,14.2447
139,16.7449,12.7438,-4.2380,87.36,0.1019,14.3467
140,16.6431,12.7485,-4.2380,87.36,0.1019,14.4486
141,16.5413,12.7532,-4.2380,87.36,0.1019,14.5505
142,16.4395,12.7579,-4.2380,87.36,0.1019,14.6525
143,16.3376,12.7626,-4.2380,87.36,0.1019,14.7544
144,16.2358,12.7673,-4.2380,87.36,0.1019,14.8563
145,16.1340,12.7720,-4.2380,87.36,0.1019,14.9583
146,16.0322,12.7767,-4.2380,87.36,0.1019,15.0602
147,15.9304,12.7813,-4.2380,87.36,0.1019,15.1621
148,15.8285,12.7860,-4.2380,87.36,0.1019,15.2640
149,15.7267,12.7907,-4.2380,87.36,0.1019,15.3660
150,15.6249,12.7954,-4.2380,87.36,0.1019,15.4679
151,15.5231,12.8001,-4.2380,87.36,0.1019,15.5698
152,15.4212,12.8048,-4.2380,87.36,0.1019,15.6718
153,15.3194,12.8095,-4.2380,87.36,0.1019,15.7737
154,15.2176,12.8142,-4.2380,87.36,0.1019,15.8756
155,15.1158,12.8189,-4.2380,87.36,0.1019,15.9775
156,15.0140,12.8236,-4.2380,87.36,0.1019,16.0795
157,14.9121,12.8283,-4.2380,87.36,0.1019,16.1814
158,14.8103,12.8330,-4.2380,87.36,0.1019,16.2833
159,14.7085,12.8377,-4.2380,87.36,0.1019,16.3853
160,14.6067,12.8424,-4.2380,87.36,0.1019,16.4872
161,14.5049,12.8471,-4.2380,87.36,0.1019,16.5891
162,14.4030,12.8518,-4.2380,87.36,0.1019,16.6911
163,14.3012,12.8565,-4.2380,87.36,0.1019,16.7930
164,14.1994,12.8612,-4.2380,87.36,0.1019,16.8949
165,14.0976,12.8659,-4.2380,87.36,0.1019,16.9968
166,13.9958,12.8706,-4.2380,87.36,0.1019,17.0988
167,13.8939,12.8753,-4.2380,87.36,0.1019,17.2007
168,13.7921,12.8800,-4.2380,87.36,0.1019,17.3026
169,13.6903,12.8847,-4.2380,87.36,0.1019,17.4046
170,13.5885,12.8894,-4.2380,87.36,0.1019,17.5065
171,13.4866,12.8941,-4.2380,87.36,0.1019,17.6084
172,13.3848,12.8988,-4.2380,87.36,0.1019,17.7103
173,13.2830,12.9034,-4.2380,87.36,0.1019,17.8123
174,13.1812,12.9081,-4.2380,87.36,0.1019,17.9142
175,13.1296,12.9959,-4.2380,87.36,0.1018,18.0160
176,13.1343,13.0978,-4.2380,87.36,0.1020,18.1180
177,13.1390,13.1996,-4.2380,87.36,0.1020,18.2200
178,13.1437,13.3015,-4.2380,87.36,0.1020,18.3219
179,13.1483,13.4033,-4.2380,87.36,0.1020,18.4239
180,13.1530,13.5052,-4.2380,87.36,0.1020,18.5258
181,13.1577,13.6070,-4.2380,87.36,0.1020,18.6278
182,13.1624,13.7089,-4.2380,87.36,0.1020,18.7297
183,13.1671,13.8107,-4.2380,87.36,0.1020,18.8317
184,13.1713,13.9111,-4.2380,88.85,0.1004,18.9321
185,13.1699,14.0129,-4.2380,92.74,0.1019,19.0340
186,13.1620,14.1145,-4.2380,94.97,0.1019,19.1359
187,13.1533,14.2161,-4.2380,95.31,0.1019,19.2378
188,13.1425,14.3174,-4.2380,96.84,0.1019,19.3397
189,13.1291,14.4185,-4.2380,98.20,0.1019,19.4417
190,13.1135,14.5192,-4.2380,99.42,0.1019,19.5436
191,13.0959,14.6195,-4.2380,100.51,0.1019,19.6455
192,13.0764,14.7196,-4.2380,101.50,0.1019,19.7474
193,13.0553,14.8193,-4.2380,102.40,0.1019,19.8493
194,13.0327,14.9186,-4.2380,103.22,0.1019,19.9512
195,13.0087,15.0177,-4.2380,103.98,0.1019,20.0531
196,12.9835,15.1164,-4.2380,104.67,0.1019,20.1550
197,12.9571,15.2149,-4.2380,105.33,0.1019,20.2569
198,12.9296,15.3130,-4.2380,105.93,0.1019,20.3589
199,12.9012,15.4109,-4.2380,106.47,0.1019,20.4608
200,12.8719,15.5085,-4.2380,106.95,0.1019,20.5627
201,12.8418,15.6058,-4.2380,107.44,0.1019,20.6646
202,12.8108,15.7029,-4.2380,107.87,0.1019,20.7665
203,12.7792,15.7998,-4.2380,108.29,0.1019,20.8684
204,12.7470,15.8965,-4.2380,108.51,0.1019,20.9703
205,12.7147,15.9932,-4.2380,108.41,0.1019,21.0722
206,12.6827,16.0899,-4.2380,108.13,0.1019,21.1742
207,12.6511,16.1868,-4.2380,108.10,0.1019,21.2761
208,12.6194,16.2837,-4.2380,108.10,0.1019,21.3780
209,12.5878,16.3805,-4.2380,108.10,0.1019,21.4799
210,12.5561,16.4774,-4.2380,108.10,0.1019,21.5818
211,12.5245,16.5743,-4.2380,108.10,0.1019,21.6837
212,12.4928,16.6712,-4.2380,108.10,0.1019,21.7856
213,12.4612,16.7680,-4.2380,108.10,0.1019,21.8875
214,12.4295,16.8649,-4.2380,108.10,0.1019,21.9895
215,12.3978,16.9618,-4.2380,108.10,0.1019,22.0914
216,12.3662,17.0587,-4.2380,108.10,0.1019,22.1933
217,12.3345,17.1555,-4.2380,108.10,0.1019,22.2952
218,12.3029,17.2524,-4.2380,108.10,0.1019,22.3971
219,12.2712,17.3493,-4.2380,108.10,0.1019,22.4990
220,12.2396,17.4461,-4.2380,108.10,0.1019,22.6009
221,12.2079,17.5430,-4.2380,108.10,0.1019,22.7028
222,12.1763,17.6399,-4.2380,108.10,0.1019,22.8047
223,12.1446,17.7368,-4.2380,108.10,0.1019,22.9067
224,12.1130,17.8336,-4.2380,108.10,0.1019,23.0086
225,12.0813,17.9305,-4.2380,108.10,0.1019,23.1105
226,12.0497,18.0274,-4.2380,108.10,0.1019,23.2124
227,12.0180,18.1242,-4.2380,108.10,0.1019,23.3143
228,11.9864,18.2211,-4.2380,108.10,0.1019,23.4162
229,11.9547,18.3180,-4.2380,108.10,0.1019,23.5181
230,11.9230,18.4149,-4.2380,108.10,0.1019,23.6200
231,11.8914,18.5117,-4.2380,108.10,0.1019,23.7220
232,11.8597,18.6086,-4.2380,108.10,0.1019,23.8239
233,11.8281,18.7055,-4.2380,108.10,0.1019,23.9258
234,11.7964,18.8023,-4.2380,108.10,0.1019,24.0277
235,11.7648,18.8992,-4.2380,108.10,0.1019,24.1296
236,11.7331,18.9961,-4.2380,108.10,0.1019,24.2315
237,11.7015,19.0930,-4.2380,108.10,0.1019,24.3334
238,11.6698,19.1898,-4.2380,108.10,0.1019,24.4353
239,11.6382,19.2867,-4.2380,108.10,0.1019,24.5373
240,11.6254,19.3257,-4.1458,108.10,0.1010,24.6382
241,11.6254,19.3257,-4.0438,108.10,0.1019,24.7402
242,11.6254,19.3257,-3.9419,108.10,0.1019,24.8421
243,11.6254,19.3257,-3.8399,108.10,0.1019,24.9440
244,11.6254,19.3257,-3.7380,108.10,0.1019,25.0460
245,11.6254,19.3257,-3.6361,108.10,0.1019,25.1479
246,11.6254,19.3257,-3.5341,108.10,0.1019,25.2498
247,11.6254,19.3257,-3.4322,108.10,0.1019,25.3518
248,11.6254,19.3257,-3.3303,108.10,0.1019,25.4537
249,11.6254,19.3257,-3.2283,108.10,0.1019,25.5557
250,11.6735,19.3278,-3.1394,92.52,0.1011,25.6568
251,11.7753,19.3323,-3.1394,92.54,0.1019,25.7587
252,11.8771,19.3369,-3.1394,92.55,0.1019,25.8606
253,11.9790,19.3414,-3.1394,92.56,0.1019,25.9626
254,12.0808,19.3460,-3.1394,92.56,0.1019,26.0645
255,12.1826,19.3505,-3.1394,92.56,0.1019,26.1664
256,12.2845,19.3551,-3.1394,92.56,0.1019,26.2684
257,12.3863,19.3597,-3.1394,92.56,0.1019,26.3703
258,12.4881,19.3642,-3.1394,92.56,0.1019,26.4722
259,12.5899,19.3688,-3.1394,92.56,0.1019,26.5741
260,12.6918,19.3733,-3.1394,92.56,0.1019,26.6761
261,12.7936,19.3779,-3.1394,92.56,0.1019,26.7780
262,12.8954,19.3824,-3.1394,92.56,0.1019,26.8799
263,12.9972,19.3870,-3.1394,92.56,0.1019,26.9819
264,13.0991,19.3916,-3.1394,92.56,0.1019,27.0838
265,13.2009,19.3961,-3.1394,92.56,0.1019,27.1857
266,13.3027,19.4007,-3.1394,92.56,0.1019,27.2877
267,13.4046,19.4052,-3.1394,92.56,0.1019,27.3896
268,13.5064,19.4098,-3.1394,92.56,0.1019,27.4915
269,13.6082,19.4143,-3.1394,92.56,0.1019,27.5934
270,13.7100,19.4189,-3.1394,92.56,0.1019,27.6954
271,13.8119,19.4235,-3.1394,92.56,0.1019,27.7973
272,13.9137,19.4280,-3.1394,92.56,0.1019,27.8992
273,14.0155,19.4326,-3.1394,92.56,0.1019,28.0012
274,14.1173,19.4371,-3.1394,92.56,0.1019,28.1031
275,14.2192,19.4417,-3.1394,92.56,0.1019,28.2050
276,14.3210,19.4462,-3.1394,92.56,0.1019,28.3069
277,14.4228,19.4508,-3.1394,92.56,0.1019,28.4089
278,14.5247,19.4554,-3.1394,92.56,0.1019,28.5108
279,14.6265,19.4599,-3.1394,92.56,0.1019,28.6127
280,14.5262,19.4554,-3.1394,92.56,0.1004,28.7132
281,14.4243,19.4509,-3.1394,92.56,0.1019,28.8151
282,14.3225,19.4463,-3.1394,92.56,0.1019,28.9170
283,14.2207,19.4417,-3.1394,92.56,0.1019,29.0190
284,14.1188,19.4372,-3.1394,92.56,0.1019,29.1209
285,13.9631,19.4302,-3.1394,92.56,0.1559,29.2768
286,13.8613,19.4257,-3.1394,92.56,0.1019,29.3787
287,13.7595,19.4211,-3.1394,92.56,0.1019,29.4806
288,13.6576,19.4165,-3.1394,92.56,0.1019,29.5826
289,13.5558,19.4120,-3.1394,92.56,0.1019,29.6845
290,13.4540,19.4074,-3.1394,92.56,0.1019,29.7864
291,13.3521,19.4029,-3.1394,92.56,0.1019,29.8884
292,13.2503,19.3983,-3.1394,92.56,0.1019,29.9903
293,13.1485,19.3938,-3.1394,92.56,0.1019,30.0922
294,13.0467,19.3892,-3.1394,92.56,0.1019,30.1941
295,12.9448,19.3846,-3.1394,92.56,0.1019,30.2961
296,12.8430,19.3801,-3.1394,92.56,0.1019,30.3980
297,12.7412,19.3755,-3.1394,92.56,0.1019,30.4999
298,12.6394,19.3710,-3.1394,92.56,0.1019,30.6019
299,12.5375,19.3664,-3.1394,92.56,0.1019,30.7038
300,12.4357,19.3619,-3.1394,92.56,0.1019,30.8057
301,12.3339,19.3573,-3.1394,92.56,0.1019,30.9076
302,12.2320,19.3527,-3.1394,92.56,0.1019,31.0096
303,12.1302,19.3482,-3.1394,92.56,0.1019,31.1115
304,12.0284,19.3436,-3.1394,92.56,0.1019,31.2134
305,11.9266,19.3391,-3.1394,92.56,0.1019,31.3154
306,11.8247,19.3345,-3.1394,92.56,0.1019,31.4173
307,11.7229,19.3300,-3.1394,92.56,0.1019,31.5192
308,11.6211,19.3254,-3.1394,92.56,0.1019,31.6212
309,11.5192,19.3208,-3.1394,92.56,0.1019,31.7231
310,11.4174,19.3163,-3.1394,92.56,0.1019,31.8250
311,11.3156,19.3117,-3.1394,92.56,0.1019,31.9269
312,11.2138,19.3072,-3.1394,92.56,0.1019,32.0289
313,11.1119,19.3026,-3.1394,92.56,0.1019,32.1308
314,11.0101,19.2981,-3.1394,92.56,0.1019,32.2327
315,10.9083,19.2935,-3.1394,92.56,0.1019,32.3347
316,10.8065,19.2889,-3.1394,92.56,0.1019,32.4366
317,10.7046,19.2844,-3.1394,92.56,0.1019,32.5385
318,10.6028,19.2798,-3.1394,92.56,0.1019,32.6404
319,10.5010,19.2753,-3.1394,92.56,0.1019,32.7424
320,10.3991,19.2707,-3.1394,92.56,0.1019,32.8443
321,10.2973,19.2662,-3.1394,92.56,0.1019,32.9462
322,10.1955,19.2616,-3.1394,92.56,0.1019,33.0482
323,10.0937,19.2570,-3.1394,92.56,0.1019,33.1501
324,9.9918,19.2525,-3.1394,92.56,0.1019,33.2520
325,9.8900,19.2479,-3.1394,92.56,0.1019,33.3540
326,9.7882,19.2434,-3.1394,92.56,0.1019,33.4559
327,9.6864,19.2388,-3.1394,92.56,0.1019,33.5578
328,9.5186,19.2313,-3.1394,92.56,0.1679,33.7257
329,9.4168,19.2268,-3.1394,92.56,0.1019,33.8276
330,9.3150,19.2222,-3.1394,92.56,0.1019,33.9296
331,9.2132,19.2176,-3.1394,92.56,0.1019,34.0315
332,9.1113,19.2131,-3.1394,92.56,0.1019,34.1334
333,9.0095,19.2085,-3.1394,92.56,0.1019,34.2353
334,8.9077,19.2040,-3.1394,92.56,0.1019,34.3373
335,8.8058,19.1994,-3.1394,92.56,0.1019,34.4392
336,8.7040,19.1949,-3.1394,92.56,0.1019,34.5411
337,8.6022,19.1903,-3.1394,92.56,0.1019,34.6431
338,8.5943,19.2917,-3.1394,92.56,0.1017,34.7448
339,8.5898,19.3936,-3.1394,92.56,0.1020,34.8467
340,8.5852,19.4954,-3.1394,92.56,0.1020,34.9487
341,8.5807,19.5973,-3.1394,92.56,0.1020,35.0506
342,8.5761,19.6991,-3.1394,92.56,0.1020,35.1526
343,8.5716,19.8010,-3.1394,92.56,0.1020,35.2546
344,8.5670,19.9028,-3.1394,92.56,0.1020,35.3565
345,8.5624,20.0047,-3.1394,92.56,0.1020,35.4585
346,8.5579,20.1065,-3.1394,92.56,0.1020,35.5604
347,8.5533,20.2084,-3.1394,92.56,0.1020,35.6624
348,8.5488,20.3102,-3.1394,92.56,0.1020,35.7643
349,8.5442,20.4121,-3.1394,92.56,0.1020,35.8663
350,8.5396,20.5140,-3.1394,92.56,0.1020,35.9682
351,8.5351,20.6158,-3.1394,92.56,0.1020,36.0702
352,8.5305,20.7177,-3.1394,92.56,0.1020,36.1722
353,8.5260,20.8195,-3.1394,92.56,0.1020,36.2741
354,8.5214,20.9214,-3.1394,92.56,0.1020,36.3761
355,8.5169,21.0232,-3.1394,92.56,0.1020,36.4780
356,8.5123,21.1251,-3.1394,92.56,0.1020,36.5800
357,8.5077,21.2269,-3.1394,92.56,0.1020,36.6819
358,8.5032,21.3288,-3.1394,92.56,0.1020,36.7839
359,8.4986,21.4306,-3.1394,92.56,0.1020,36.8858
360,8.4941,21.5325,-3.1394,92.56,0.1020,36.9878
361,8.4895,21.6344,-3.1394,92.56,0.1020,37.0898
362,8.4849,21.7362,-3.1394,92.56,0.1020,37.1917
363,8.4804,21.8381,-3.1394,92.56,0.1020,37.2937
364,8.4758,21.9399,-3.1394,92.56,0.1020,37.3956
365,8.4713,22.0418,-3.1394,92.56,0.1020,37.4976
366,8.4667,22.1436,-3.1394,92.56,0.1020,37.5995
367,8.5401,22.2144,-3.1394,92.56,0.1020,37.7015
368,8.6419,22.2190,-3.1394,92.56,0.1019,37.8034
369,8.7437,22.2236,-3.1394,92.56,0.1019,37.9054
370,8.8456,22.2281,-3.1394,92.56,0.1019,38.0073
371,8.9474,22.2327,-3.1394,92.56,0.1019,38.1092
372,9.0492,22.2372,-3.1394,92.56,0.1019,38.2112
373,9.1510,22.2418,-3.1394,92.56,0.1019,38.3131
374,9.2529,22.2463,-3.1394,92.56,0.1019,38.4150
375,9.3547,22.2509,-3.1394,92.56,0.1019,38.5169
376,9.4565,22.2555,-3.1394,92.56,0.1019,38.6189
377,9.5583,22.2600,-3.1394,92.56,0.1019,38.7208
378,9.6602,22.2646,-3.1394,92.56,0.1019,38.8227
379,9.7620,22.2691,-3.1394,92.56,0.1019,38.9247
380,9.8638,22.2737,-3.1394,92.56,0.1019,39.0266
381,9.9657,22.2782,-3.1394,92.56,0.1019,39.1285
382,10.0675,22.2828,-3.1394,92.56,0.1019,39.2304
383,10.1693,22.2874,-3.1394,92.56,0.1019,39.3324
384,10.2711,22.2919,-3.1394,92.56,0.1019,39.4343
385,10.3730,22.2965,-3.1394,92.56,0.1019,39.5362
386,10.4748,22.3010,-3.1394,92.56,0.1019,39.6382
387,10.5766,22.3056,-3.1394,92.56,0.1019,39.7401
388,10.6784,22.3101,-3.1394,92.56,0.1019,39.8420
389,10.7803,22.3147,-3.1394,92.56,0.1019,39.9440
390,10.8821,22.3193,-3.1394,92.56,0.1019,40.0459
391,10.9839,22.3238,-3.1394,92.56,0.1019,40.1478
392,11.0858,22.3284,-3.1394,92.56,0.1019,40.2497
393,11.1876,22.3329,-3.1394,92.56,0.1019,40.3517
394,11.2894,22.3375,-3.1394,92.56,0.1019,40.4536
395,11.3912,22.3420,-3.1394,92.56,0.1019,40.5555
396,11.2906,22.3375,-3.1394,92.56,0.1007,40.6563
397,11.1888,22.3330,-3.1394,92.56,0.1019,40.7582
398,11.0870,22.3284,-3.1394,92.56,0.1019,40.8601
399,10.9851,22.3239,-3.1394,92.56,0.1019,40.9621
400,10.8833,22.3193,-3.1394,92.56,0.1019,41.0640
401,10.7815,22.3148,-3.1394,92.56,0.1019,41.1659
402,10.6796,22.3102,-3.1394,92.56,0.1019,41.2678
403,10.5778,22.3056,-3.1394,92.56,0.1019,41.3698
404,10.4760,22.3011,-3.1394,92.56,0.1019,41.4717
405,10.3742,22.2965,-3.1394,92.56,0.1019,41.5736
406,10.2723,22.2920,-3.1394,92.56,0.1019,41.6756
407,10.1705,22.2874,-3.1394,92.56,0.1019,41.7775
408,10.0687,22.2829,-3.1394,92.56,0.1019,41.8794
409,9.9669,22.2783,-3.1394,92.56,0.1019,41.9813
410,9.8650,22.2737,-3.1394,92.56,0.1019,42.0833
411,9.7632,22.2692,-3.1394,92.56,0.1019,42.1852
412,9.6614,22.2646,-3.1394,92.56,0.1019,42.2871
413,9.5595,22.2601,-3.1394,92.56,0.1019,42.3891
414,9.4577,22.2555,-3.1394,92.56,0.1019,42.4910
415,9.3559,22.2510,-3.1394,92.56,0.1019,42.5929
416,9.2541,22.2464,-3.1394,92.56,0.1019,42.6949
417,9.1522,22.2418,-3.1394,92.56,0.1019,42.7968
418,9.0504,22.2373,-3.1394,92.56,0.1019,42.8987
419,8.9486,22.2327,-3.1394,92.56,0.1019,43.0006
420,8.8467,22.2282,-3.1394,92.56,0.1019,43.1026
421,8.7449,22.2236,-3.1394,92.56,0.1019,43.2045
422,8.6431,22.2191,-3.1394,92.56,0.1019,43.3064
423,8.5413,22.2145,-3.1394,92.56,0.1019,43.4084
424,8.4394,22.2099,-3.1394,92.56,0.1019,43.5103
425,8.3376,22.2054,-3.1394,92.56,0.1019,43.6122
426,8.2407,22.2010,-3.1141,92.56,0.1002,43.7124
427,8.2407,22.2010,-3.0122,92.56,0.1019,43.8144
428,8.1676,22.2679,-2.9924,92.56,0.1011,43.9155
429,8.0935,22.3357,-2.9924,92.56,0.1004,44.0158
430,8.0194,22.4034,-2.9924,92.56,0.1004,44.1162
431,7.9453,22.4712,-2.9924,92.56,0.1004,44.2166
432,7.8712,22.5389,-2.9924,92.56,0.1004,44.3170
433,7.7971,22.6067,-2.9924,92.56,0.1004,44.4174
434,7.7231,22.6744,-2.9924,92.56,0.1004,44.5178
435,7.6490,22.7421,-2.9924,92.56,0.1004,44.6182
436,7.5749,22.8099,-2.9924,92.56,0.1004,44.7186
437,7.5008,22.8776,-2.9924,92.56,0.1004,44.8190
438,7.4267,22.9454,-2.9924,92.56,0.1004,44.9194
439,7.3526,23.0131,-2.9924,92.56,0.1004,45.0197
440,7.2785,23.0809,-2.9924,92.56,0.1004,45.1201
441,7.2045,23.1486,-2.9924,92.56,0.1004,45.2205
442,7.1304,23.2164,-2.9924,92.56,0.1004,45.3209
443,7.0922,23.3092,-2.9924,103.06,0.1004,45.4213
444,7.0664,23.4068,-2.9924,105.59,0.1010,45.5223
